recordno,street,city,zip,state,email,birth_date,telno,ssn
1,3526 HIGH ST,SACRAMENTO,95838,CA,henry@gmail.com,05/21/1981,59-222,123-456-789
2,51 OMAHA CT,SACRAMENTO,95823,CA,henry@gmail.com,05/21/1981,68212,123-456-789
3,2796 BRANCH ST,SACRAMENTO,95815,CA,henry@gmail.com,05/21/1981,68880,123-456-789
4,2805 JANETTE WAY,SACRAMENTO,95815,CA,henry@gmail.com,05/21/1981,69307,123-456-789
5,6001 MCMAHON DR,SACRAMENTO,95824,CA,henry@gmail.com,05/21/1981,81900,
6,,,,,,,,
7,6048 OGDEN NASH WAY,SACRAMENTO,95842,CA,henry@gmail.com,05/21/1981,90895,GHX56789
8,2561 19TH AVE,SACRAMENTO,95820,CA,henry@gmail.com,05/21/1981,91002,GHX56789
9,11150 TRINITY RIVER DR Unit 114,RANCHO CORDOVA,95670,CA,corbett@hotmail.com,05/21/1981,94905,GHX56789
10,7325 10TH ST,RIO LINDA,95673,CA,henry@gmail.com,05/21/1981,98937,GHX56789
11,645 MORRISON AVE,SACRAMENTO,95838,CA,henry@gmail.com,05/21/1981,100309,GHX56789
12,4085 FAWN CIR,SACRAMENTO,95823,CA,henry@gmail.com,05/21/1981,106250,GHX56789
13,2930 LA ROSA RD,SACRAMENTO,95815,CA,henry@gmail.com,05/21/1981,106-852,GHX56789
14,2113 KIRK WAY,SACRAMENTO,95822,CA,henry@gmail.com,05/21/1981,107502,
15,4533 LOCH HAVEN WAY,SACRAMENTO,95842,CA,henry@gmail.com,05/21/1981,108750,
16,7340 HAMDEN PL,SACRAMENTO,95842,CA,corbett@hotmail.com,05/21/1981,110700,
17,6715 6TH ST,RIO LINDA,95673,CA,henry@gmail.com,05/21/1981,113-263,
18,6236 LONGFORD DR Unit 1,CITRUS HEIGHTS,95621,CA,corbett@hotmail.com,05/21/1981,11-62-50,
19,250 PERALTA AVE,SACRAMENTO,95833,CA,henry@gmail.com,05/21/1981,120000,
20,113 LEEWILL AVE,RIO LINDA,95673,CA,henry@gmail.com,05/21/1981,121630,
21,6118 STONEHAND AVE,CITRUS HEIGHTS,95621,CA,henry@gmail.com,05/21/1981,122000,
22,4882 BANDALIN WAY,SACRAMENTO,95823,CA,henry@gmail.com,05/21/1981,122682,
23,7511 OAKVALE CT,NORTH HIGHLANDS,95660,CA,henry@gmail.com,05/21/1981,123000,
24,9 PASTURE CT,SACRAMENTO,95834,CA,henry@gmail.com,05/21/1981,124100,
25,3729 BAINBRIDGE DR,NORTH HIGHLANDS,95660,CA,henry@gmail.com,05/21/1981,125000,
26,3828 BLACKFOOT WAY,ANTELOPE,95843,CA,henry@gmail.com,05/21/1981,126640,
27,4108 NORTON WAY,SACRAMENTO,95820,CA,henry@gmail.com,05/21/1981,127281,
28,1469 JANRICK AVE,SACRAMENTO,95832,CA,henry@gmail.com,05/21/1981,129000,
29,9861 CULP WAY,SACRAMENTO,95827,CA,henry@gmail.com,05/21/1981,131200,
30,7825 CREEK VALLEY CIR,SACRAMENTO,95828,CA,henry@gmail.com,05/21/1981,132000,
31,5201 LAGUNA OAKS DR Unit 140,ELK GROVE,95758,CA,corbett@hotmail.com,05/21/1981,133000,
32,6768 MEDORA DR,NORTH HIGHLANDS,95660,CA,henry@gmail.com,05/21/1981,134555,
33,3100 EXPLORER DR,SACRAMENTO,95827,CA,henry@gmail.com,05/21/1981,136500,
34,7944 DOMINION WAY,ELVERTA,95626,CA,henry@gmail.com,05/21/1981,138750,
35,5201 LAGUNA OAKS DR Unit 162,ELK GROVE,95758,CA,corbett@hotmail.com,05/21/1981,141000,
36,3920 SHINING STAR DR,SACRAMENTO,95823,CA,henry@gmail.com,05/21/1981,146250,
37,5031 CORVAIR ST,NORTH HIGHLANDS,95660,CA,henry@gmail.com,05/21/1981,147308,
38,7661 NIXOS WAY,SACRAMENTO,95823,CA,henry@gmail.com,05/21/1981,148750,
39,7044 CARTHY WAY,SACRAMENTO,95828,CA,henry@gmail.com,05/21/1981,149593,
40,2442 LARKSPUR LN,SACRAMENTO,95825,CA,corbett@hotmail.com,05/21/1981,150000,
41,4800 WESTLAKE PKWY Unit 2109,SACRAMENTO,95835,CA,corbett@hotmail.com,05/21/1981,152000,
42,2178 63RD AVE,SACRAMENTO,95822,CA,henry@gmail.com,05/21/1981,154000,
43,8718 ELK WAY,ELK GROVE,95624,CA,henry@gmail.com,05/21/1981,156896,
44,5708 RIDGEPOINT DR,ANTELOPE,95843,CA,henry@gmail.com,05/21/1981,161250,
45,7315 KOALA CT,NORTH HIGHLANDS,95660,CA,henry@gmail.com,05/21/1981,161500,
46,2622 ERIN DR,SACRAMENTO,95833,CA,henry@gmail.com,05/21/1981,164000,
47,8421 SUNBLAZE WAY,SACRAMENTO,95823,CA,henry@gmail.com,05/21/1981,165000,
48,7420 ALIX PKWY,SACRAMENTO,95823,CA,henry@gmail.com,05/21/1981,166357,
49,3820 NATOMA WAY,SACRAMENTO,95838,CA,henry@gmail.com,05/21/1981,166357,
50,4431 GREEN TREE DR,SACRAMENTO,95823,CA,henry@gmail.com,05/21/1981,168000,
51,9417 SARA ST,ELK GROVE,95624,CA,henry@gmail.com,05/21/1981,170000,
52,8299 HALBRITE WAY,SACRAMENTO,95828,CA,henry@gmail.com,05/21/1981,173000,
53,7223 KALLIE KAY LN,SACRAMENTO,95823,CA,henry@gmail.com,05/21/1981,174250,
54,8156 STEINBECK WAY,SACRAMENTO,95828,CA,henry@gmail.com,05/21/1981,174313,
55,7957 VALLEY GREEN DR,SACRAMENTO,95823,CA,henry@gmail.com,05/21/1981,178480,
56,1122 WILD POPPY CT,GALT,95632,CA,henry@gmail.com,05/21/1981,178760,
57,4520 BOMARK WAY,SACRAMENTO,95842,CA,steve@outlook.com,05/21/1981,179580,
58,9012 KIEFER BLVD,SACRAMENTO,95826,CA,henry@gmail.com,05/21/1981,181000,
59,5332 SANDSTONE ST,CARMICHAEL,95608,CA,henry@gmail.com,05/21/1981,181872,
60,5993 SAWYER CIR,SACRAMENTO,95823,CA,henry@gmail.com,05/21/1981,182587,
61,4844 CLYDEBANK WAY,ANTELOPE,95843,CA,henry@gmail.com,05/21/1981,182716,
62,306 CAMELLIA WAY,GALT,95632,CA,henry@gmail.com,05/21/1981,182750,
63,9021 MADISON AVE,ORANGEVALE,95662,CA,henry@gmail.com,05/21/1981,183200,
64,404 6TH ST,GALT,95632,CA,henry@gmail.com,05/21/1981,188741,
65,8317 SUNNY CREEK WAY,SACRAMENTO,95823,CA,henry@gmail.com,05/21/1981,189000,
66,2617 BASS CT,SACRAMENTO,95826,CA,henry@gmail.com,05/21/1981,192067,
67,7005 TIANT WAY,ELK GROVE,95758,CA,henry@gmail.com,05/21/1981,194000,
68,7895 CABER WAY,ANTELOPE,95843,CA,henry@gmail.com,05/21/1981,194818,
69,7624 BOGEY CT,SACRAMENTO,95828,CA,steve@outlook.com,05/21/1981,195000,
70,6930 HAMPTON COVE WAY,SACRAMENTO,95823,CA,henry@gmail.com,05/21/1981,198000,
71,8708 MESA BROOK WAY,ELK GROVE,95624,CA,henry@gmail.com,05/21/1981,199500,
72,120 GRANT LN,FOLSOM,95630,CA,henry@gmail.com,05/21/1981,200000,
73,5907 ELLERSLEE DR,CARMICHAEL,95608,CA,henry@gmail.com,05/21/1981,200000,
74,17 SERASPI CT,SACRAMENTO,95834,CA,henry@gmail.com,05/21/1981,206000,
75,170 PENHOW CIR,SACRAMENTO,95834,CA,henry@gmail.com,05/21/1981,208000,
76,8345 STAR THISTLE WAY,SACRAMENTO,95823,CA,henry@gmail.com,05/21/1981,212864,
77,9080 FRESCA WAY,ELK GROVE,95758,CA,henry@gmail.com,05/21/1981,221000,
78,391 NATALINO CIR,SACRAMENTO,95835,CA,henry@gmail.com,05/21/1981,221000,
79,8373 BLACKMAN WAY,ELK GROVE,95624,CA,henry@gmail.com,05/21/1981,223058,
80,9837 CORTE DORADO CT,ELK GROVE,95624,CA,henry@gmail.com,05/21/1981,227887,
81,5037 J PKWY,SACRAMENTO,95823,CA,henry@gmail.com,05/21/1981,231477,
82,10245 LOS PALOS DR,RANCHO CORDOVA,95670,CA,henry@gmail.com,05/21/1981,234697,
83,6613 NAVION DR,CITRUS HEIGHTS,95621,CA,henry@gmail.com,05/21/1981,235000,
84,2887 AZEVEDO DR,SACRAMENTO,95833,CA,henry@gmail.com,05/21/1981,236000,
85,9186 KINBRACE CT,SACRAMENTO,95829,CA,henry@gmail.com,05/21/1981,236685,
86,4243 MIDDLEBURY WAY,MATHER,95655,CA,henry@gmail.com,05/21/1981,237800,
87,1028 FALLON PLACE CT,RIO LINDA,95673,CA,henry@gmail.com,05/21/1981,240122,
88,4804 NORIKER DR,ELK GROVE,95757,CA,henry@gmail.com,05/21/1981,242638,
89,7713 HARVEST WOODS DR,SACRAMENTO,95828,CA,henry@gmail.com,05/21/1981,244000,
90,2866 KARITSA AVE,SACRAMENTO,95833,CA,henry@gmail.com,05/21/1981,244500,
91,6913 RICHEVE WAY,SACRAMENTO,95828,CA,henry@gmail.com,05/21/1981,244960,
92,8636 TEGEA WAY,ELK GROVE,95624,CA,henry@gmail.com,05/21/1981,245918,
93,5448 MAIDSTONE WAY,CITRUS HEIGHTS,95621,CA,henry@gmail.com,05/21/1981,250000,
94,18 OLLIE CT,ELK GROVE,95758,CA,henry@gmail.com,05/21/1981,250000,
95,4010 ALEX LN,CARMICHAEL,95608,CA,corbett@hotmail.com,05/21/1981,250134,
96,4901 MILLNER WAY,ELK GROVE,95757,CA,henry@gmail.com,05/21/1981,254200,
97,4818 BRITTNEY LEE CT,SACRAMENTO,95841,CA,henry@gmail.com,05/21/1981,254200,
98,5529 LAGUNA PARK DR,ELK GROVE,95758,CA,henry@gmail.com,05/21/1981,258000,
99,230 CANDELA CIR,SACRAMENTO,95835,CA,henry@gmail.com,05/21/1981,260000,
100,4900 71ST ST,SACRAMENTO,95820,CA,henry@gmail.com,05/21/1981,260014,
101,12209 CONSERVANCY WAY,RANCHO CORDOVA,95742,CA,henry@gmail.com,05/21/1981,263500,
102,4236 NATOMAS CENTRAL DR,SACRAMENTO,95834,CA,corbett@hotmail.com,05/21/1981,265000,
103,5615 LUPIN LN,POLLOCK PINES,95726,CA,henry@gmail.com,05/21/1981,265000,
104,5625 JAMES WAY,SACRAMENTO,95822,CA,henry@gmail.com,05/21/1981,271742,
105,7842 LAHONTAN CT,SACRAMENTO,95829,CA,henry@gmail.com,05/21/1981,273750,
106,6850 21ST ST,SACRAMENTO,95822,CA,henry@gmail.com,05/21/1981,275086,
107,2900 BLAIR RD,POLLOCK PINES,95726,CA,henry@gmail.com,05/21/1981,280908,
108,2064 EXPEDITION WAY,SACRAMENTO,95832,CA,henry@gmail.com,05/21/1981,280987,
109,2912 NORCADE CIR,SACRAMENTO,95826,CA,steve@outlook.com,05/21/1981,282400,
110,9507 SEA CLIFF WAY,ELK GROVE,95758,CA,henry@gmail.com,05/21/1981,285000,
111,8882 AUTUMN GOLD CT,ELK GROVE,95624,CA,henry@gmail.com,05/21/1981,287417,
112,5322 WHITE LOTUS WAY,ELK GROVE,95757,CA,henry@gmail.com,05/21/1981,291000,
113,1838 CASTRO WAY,SACRAMENTO,95818,CA,henry@gmail.com,05/21/1981,292024,
114,10158 CRAWFORD WAY,SACRAMENTO,95827,CA,steve@outlook.com,05/21/1981,297000,
115,7731 MASTERS ST,ELK GROVE,95758,CA,henry@gmail.com,05/21/1981,297000,
116,4925 PERCHERON DR,ELK GROVE,95757,CA,henry@gmail.com,05/21/1981,298000,
117,2010 PROMONTORY POINT LN,GOLD RIVER,95670,CA,henry@gmail.com,05/21/1981,299000,
118,4727 SAVOIE WAY,SACRAMENTO,95835,CA,henry@gmail.com,05/21/1981,304037,
119,8664 MAGNOLIA HILL WAY,ELK GROVE,95624,CA,henry@gmail.com,05/21/1981,311000,
120,9570 HARVEST ROSE WAY,SACRAMENTO,95827,CA,henry@gmail.com,05/21/1981,315537,
121,4359 CREGAN CT,RANCHO CORDOVA,95742,CA,henry@gmail.com,05/21/1981,320000,
122,5337 DUSTY ROSE WAY,RANCHO CORDOVA,95742,CA,henry@gmail.com,05/21/1981,320000,
123,8929 SUTTERS GOLD DR,SACRAMENTO,95826,CA,henry@gmail.com,05/21/1981,328360,
124,8025 PEERLESS AVE,ORANGEVALE,95662,CA,henry@gmail.com,05/21/1981,334150,
125,4620 WELERA WAY,ELK GROVE,95757,CA,henry@gmail.com,05/21/1981,335750,
126,9723 TERRAPIN CT,ELK GROVE,95757,CA,henry@gmail.com,05/21/1981,335750,
127,2115 SMOKESTACK WAY,SACRAMENTO,95833,CA,henry@gmail.com,05/21/1981,339500,
128,100 REBECCA WAY,FOLSOM,95630,CA,henry@gmail.com,05/21/1981,344250,
129,9488 OAK VILLAGE WAY,ELK GROVE,95758,CA,henry@gmail.com,05/21/1981,346210,
130,8495 DARTFORD DR,SACRAMENTO,95823,CA,henry@gmail.com,05/21/1981,347029,
131,6708 PONTA DO SOL WAY,ELK GROVE,95757,CA,henry@gmail.com,05/21/1981,347650,
132,4143 SEA MEADOW WAY,SACRAMENTO,95823,CA,henry@gmail.com,05/21/1981,351300,
133,3020 RICHARDSON CIR,EL DORADO HILLS,95762,CA,henry@gmail.com,05/21/1981,352000,
134,8082 LINDA ISLE LN,SACRAMENTO,95831,CA,henry@gmail.com,05/21/1981,370000,
135,15300 MURIETA SOUTH PKWY,RANCHO MURIETA,95683,CA,henry@gmail.com,05/21/1981,370500,
136,11215 SHARRMONT CT,WILTON,95693,CA,henry@gmail.com,05/21/1981,372000,
137,7105 DANBERG WAY,ELK GROVE,95757,CA,henry@gmail.com,05/21/1981,375000,
138,5579 JERRY LITELL WAY,SACRAMENTO,95835,CA,henry@gmail.com,05/21/1981,381300,
139,1050 FOXHALL WAY,SACRAMENTO,95831,CA,henry@gmail.com,05/21/1981,381942,
140,7837 ABBINGTON WAY,ANTELOPE,95843,CA,henry@gmail.com,05/21/1981,387731,
141,1300 F ST,SACRAMENTO,95814,CA,henry@gmail.com,05/21/1981,391000,
142,6801 RAWLEY WAY,ELK GROVE,95757,CA,henry@gmail.com,05/21/1981,394470,
143,1693 SHELTER COVE DR,GREENWOOD,95635,CA,henry@gmail.com,05/21/1981,395000,
144,9361 WADDELL LN,ELK GROVE,95624,CA,henry@gmail.com,05/21/1981,400186,
145,10 SEA FOAM CT,SACRAMENTO,95831,CA,henry@gmail.com,05/21/1981,415000,
146,6945 RIO TEJO WAY,ELK GROVE,95757,CA,henry@gmail.com,05/21/1981,425000,
147,4186 TULIP PARK WAY,RANCHO CORDOVA,95742,CA,henry@gmail.com,05/21/1981,430000,
148,9278 DAIRY CT,ELK GROVE,95624,CA,henry@gmail.com,05/21/1981,445000,
149,207 ORANGE BLOSSOM CIR Unit C,FOLSOM,95630,CA,henry@gmail.com,05/21/1981,460000,
150,6507 RIO DE ONAR WAY,ELK GROVE,95757,CA,henry@gmail.com,05/21/1981,461000,
151,7004 RAWLEY WAY,ELK GROVE,95757,CA,henry@gmail.com,05/21/1981,489332,
152,6503 RIO DE ONAR WAY,ELK GROVE,95757,CA,henry@gmail.com,05/21/1981,510000,
153,2217 APPALOOSA CT,FOLSOM,95630,CA,henry@gmail.com,05/21/1981,539000,
154,868 HILDEBRAND CIR,FOLSOM,95630,CA,henry@gmail.com,05/21/1981,585000,
155,6030 PALERMO WAY,EL DORADO HILLS,95762,CA,henry@gmail.com,05/21/1981,600000,
156,4070 REDONDO DR,EL DORADO HILLS,95762,CA,henry@gmail.com,05/21/1981,606238,
157,4004 CRESTA WAY,SACRAMENTO,95864,CA,henry@gmail.com,05/21/1981,660000,
158,315 JUMEL CT,EL DORADO HILLS,95762,CA,henry@gmail.com,05/21/1981,830000,
159,6272 LONGFORD DR Unit 1,CITRUS HEIGHTS,95621,CA,corbett@hotmail.com,07/26/1976,69000,
160,3432 Y ST,SACRAMENTO,95817,CA,henry@gmail.com,07/26/1976,70000,
161,9512 EMERALD PARK DR Unit 3,ELK GROVE,95624,CA,corbett@hotmail.com,07/26/1976,71000,
162,3132 CLAY ST,SACRAMENTO,95815,CA,henry@gmail.com,07/26/1976,78000,
163,5221 38TH AVE,SACRAMENTO,95824,CA,henry@gmail.com,07/26/1976,78400,
164,6112 HERMOSA ST,SACRAMENTO,95822,CA,henry@gmail.com,07/26/1976,80000,
165,483 ARCADE BLVD,SACRAMENTO,95815,CA,henry@gmail.com,07/26/1976,89000,
166,671 SONOMA AVE,SACRAMENTO,95815,CA,henry@gmail.com,07/26/1976,90000,
167,5980 79TH ST,SACRAMENTO,95824,CA,henry@gmail.com,07/26/1976,90000,
168,7607 ELDER CREEK RD,SACRAMENTO,95824,CA,henry@gmail.com,07/26/1976,92000,
169,5028 14TH AVE,SACRAMENTO,95820,CA,henry@gmail.com,07/26/1976,93675,
170,14788 NATCHEZ CT,RANCHO MURIETA,95683,CA,henry@gmail.com,07/26/1976,97750,
171,1069 ACACIA AVE,SACRAMENTO,95815,CA,henry@gmail.com,07/26/1976,98000,
172,5201 LAGUNA OAKS DR Unit 199,ELK GROVE,95758,CA,corbett@hotmail.com,07/26/1976,98000,
173,3847 LAS PASAS WAY,SACRAMENTO,95864,CA,henry@gmail.com,07/26/1976,99000,
174,5201 LAGUNA OAKS DR Unit 172,ELK GROVE,95758,CA,corbett@hotmail.com,07/26/1976,100000,
175,1121 CREEKSIDE WAY,GALT,95632,CA,henry@gmail.com,07/26/1976,106716,
176,5307 CABRILLO WAY,SACRAMENTO,95820,CA,henry@gmail.com,07/26/1976,111000,
177,3725 DON JULIO BLVD,NORTH HIGHLANDS,95660,CA,henry@gmail.com,07/26/1976,111000,
178,4803 MCCLOUD DR,SACRAMENTO,95842,CA,henry@gmail.com,07/26/1976,114800,
179,10542 SILVERWOOD WAY,RANCHO CORDOVA,95670,CA,henry@gmail.com,07/26/1976,120108,
180,6318 39TH AVE,SACRAMENTO,95824,CA,henry@gmail.com,07/26/1976,123225,
181,211 MCDANIEL CIR,SACRAMENTO,95838,CA,henry@gmail.com,07/26/1976,123750,
182,3800 LYNHURST WAY,NORTH HIGHLANDS,95660,CA,henry@gmail.com,07/26/1976,125000,
183,6139 HERMOSA ST,SACRAMENTO,95822,CA,henry@gmail.com,07/26/1976,125000,
184,2505 RHINE WAY,ELVERTA,95626,CA,henry@gmail.com,07/26/1976,126000,
185,3692 PAYNE WAY,NORTH HIGHLANDS,95660,CA,henry@gmail.com,07/26/1976,129000,
186,604 MORRISON AVE,SACRAMENTO,95838,CA,henry@gmail.com,07/26/1976,134000,
187,648 SANTA ANA AVE,SACRAMENTO,95838,CA,henry@gmail.com,07/26/1976,135000,
188,14 ASHLEY OAKS CT,SACRAMENTO,95815,CA,henry@gmail.com,07/26/1976,135500,
189,3174 NORTHVIEW DR,SACRAMENTO,95833,CA,henry@gmail.com,07/26/1976,140000,
190,840 TRANQUIL LN,GALT,95632,CA,henry@gmail.com,07/26/1976,140000,
191,5333 PRIMROSE DR Unit 19A,FAIR OAKS,95628,CA,corbett@hotmail.com,07/26/1976,142500,
192,1035 MILLET WAY,SACRAMENTO,95834,CA,henry@gmail.com,07/26/1976,143500,
193,5201 LAGUNA OAKS DR Unit 126,ELK GROVE,95758,CA,corbett@hotmail.com,07/26/1976,145000,
194,3328 22ND AVE,SACRAMENTO,95820,CA,henry@gmail.com,07/26/1976,145000,
195,8001 HARTWICK WAY,SACRAMENTO,95828,CA,henry@gmail.com,07/26/1976,145000,
196,7812 HARTWICK WAY,SACRAMENTO,95828,CA,henry@gmail.com,07/26/1976,145000,
197,4207 PAINTER WAY,NORTH HIGHLANDS,95660,CA,henry@gmail.com,07/26/1976,146000,
198,7458 WINKLEY WAY,SACRAMENTO,95822,CA,henry@gmail.com,07/26/1976,148500,
199,8354 SUNRISE WOODS WAY,SACRAMENTO,95828,CA,henry@gmail.com,07/26/1976,149000,
200,8116 COTTONMILL CIR,SACRAMENTO,95828,CA,henry@gmail.com,07/26/1976,150000,
201,4660 CEDARWOOD WAY,SACRAMENTO,95823,CA,henry@gmail.com,07/26/1976,150000,
202,9254 HARROGATE WAY,ELK GROVE,95758,CA,henry@gmail.com,07/26/1976,152000,
203,6716 TAREYTON WAY,CITRUS HEIGHTS,95621,CA,henry@gmail.com,07/26/1976,156000,
204,2028 ROBERT WAY,SACRAMENTO,95825,CA,henry@gmail.com,07/26/1976,156000,
205,9346 AIZENBERG CIR,ELK GROVE,95624,CA,henry@gmail.com,07/26/1976,156000,
206,4524 LOCH HAVEN WAY,SACRAMENTO,95842,CA,henry@gmail.com,07/26/1976,157788,
207,7140 BLUE SPRINGS WAY,CITRUS HEIGHTS,95621,CA,henry@gmail.com,07/26/1976,161653,
208,4631 11TH AVE,SACRAMENTO,95820,CA,henry@gmail.com,07/26/1976,161829,
209,3228 BAGGAN CT,ANTELOPE,95843,CA,henry@gmail.com,07/26/1976,165000,
210,8515 DARTFORD DR,SACRAMENTO,95823,CA,henry@gmail.com,07/26/1976,168000,
211,4500 TIPPWOOD WAY,SACRAMENTO,95842,CA,henry@gmail.com,07/26/1976,169000,
212,2460 EL ROCCO WAY,RANCHO CORDOVA,95670,CA,henry@gmail.com,07/26/1976,175000,
213,8244 SUNBIRD WAY,SACRAMENTO,95823,CA,henry@gmail.com,07/26/1976,176250,
214,5841 VALLEY VALE WAY,SACRAMENTO,95823,CA,henry@gmail.com,07/26/1976,179000,
215,7863 CRESTLEIGH CT,ANTELOPE,95843,CA,henry@gmail.com,07/26/1976,180000,
216,7129 SPRINGMONT DR,ELK GROVE,95758,CA,henry@gmail.com,07/26/1976,180400,
217,8284 RED FOX WAY,ELK GROVE,95758,CA,henry@gmail.com,07/26/1976,182000,
218,2219 EL CANTO CIR,RANCHO CORDOVA,95670,CA,henry@gmail.com,07/26/1976,184500,
219,8907 GEMWOOD WAY,ELK GROVE,95758,CA,henry@gmail.com,07/26/1976,185000,
220,5925 MALEVILLE AVE,CARMICHAEL,95608,CA,henry@gmail.com,07/26/1976,189000,
221,7031 CANEVALLEY CIR,CITRUS HEIGHTS,95621,CA,henry@gmail.com,07/26/1976,194000,
222,3949 WILDROSE WAY,SACRAMENTO,95826,CA,henry@gmail.com,07/26/1976,195000,
223,4437 MITCHUM CT,ANTELOPE,95843,CA,henry@gmail.com,07/26/1976,200000,
224,2778 KAWEAH CT,CAMERON PARK,95682,CA,henry@gmail.com,07/26/1976,201000,
225,1636 ALLENWOOD CIR,LINCOLN,95648,CA,henry@gmail.com,07/26/1976,202500,
226,8151 QUAIL RIDGE CT,SACRAMENTO,95828,CA,henry@gmail.com,07/26/1976,205000,
227,4899 WIND CREEK DR,SACRAMENTO,95838,CA,henry@gmail.com,07/26/1976,205000,
228,2370 BIG CANYON CREEK RD,PLACERVILLE,95667,CA,henry@gmail.com,07/26/1976,205000,
229,6049 HAMBURG WAY,SACRAMENTO,95823,CA,henry@gmail.com,07/26/1976,205000,
230,4232 71ST ST,SACRAMENTO,95820,CA,henry@gmail.com,07/26/1976,207000,
231,3361 BOW MAR CT,CAMERON PARK,95682,CA,henry@gmail.com,07/26/1976,210000,
232,1889 COLD SPRINGS RD,PLACERVILLE,95667,CA,henry@gmail.com,07/26/1976,211500,
233,5805 HIMALAYA WAY,CITRUS HEIGHTS,95621,CA,henry@gmail.com,07/26/1976,215000,
234,7944 SYLVAN OAK WAY,CITRUS HEIGHTS,95610,CA,henry@gmail.com,07/26/1976,215000,
235,3139 SPOONWOOD WAY Unit 1,SACRAMENTO,95833,CA,henry@gmail.com,07/26/1976,215500,
236,6217 LEOLA WAY,SACRAMENTO,95824,CA,henry@gmail.com,07/26/1976,222381,
237,2340 HURLEY WAY,SACRAMENTO,95825,CA,corbett@hotmail.com,07/26/1976,225000,
238,3035 BRUNNET LN,SACRAMENTO,95833,CA,henry@gmail.com,07/26/1976,225000,
239,3025 EL PRADO WAY,SACRAMENTO,95825,CA,henry@gmail.com,07/26/1976,225000,
240,9387 GRANITE FALLS CT,ELK GROVE,95624,CA,henry@gmail.com,07/26/1976,225000,
241,9257 CALDERA WAY,SACRAMENTO,95826,CA,henry@gmail.com,07/26/1976,228000,
242,441 ARLINGDALE CIR,RIO LINDA,95673,CA,henry@gmail.com,07/26/1976,229665,
243,2284 LOS ROBLES RD,MEADOW VISTA,95722,CA,henry@gmail.com,07/26/1976,230000,
244,8164 CHENIN BLANC LN,FAIR OAKS,95628,CA,henry@gmail.com,07/26/1976,230000,
245,4620 CHAMBERLIN CIR,ELK GROVE,95757,CA,henry@gmail.com,07/26/1976,230000,
246,5340 BIRK WAY,SACRAMENTO,95835,CA,henry@gmail.com,07/26/1976,234000,
247,51 ANJOU CIR,SACRAMENTO,95835,CA,henry@gmail.com,07/26/1976,235000,
248,2125 22ND AVE,SACRAMENTO,95822,CA,henry@gmail.com,07/26/1976,236250,
249,611 BLOSSOM ROCK LN,FOLSOM,95630,CA,corbett@hotmail.com,07/26/1976,240000,
250,8830 ADUR RD,ELK GROVE,95624,CA,henry@gmail.com,07/26/1976,242000,
251,7344 BUTTERBALL WAY,SACRAMENTO,95842,CA,henry@gmail.com,07/26/1976,245000,
252,8219 GWINHURST CIR,SACRAMENTO,95828,CA,henry@gmail.com,07/26/1976,245000,
253,3240 S ST,SACRAMENTO,95816,CA,henry@gmail.com,07/26/1976,245000,
254,221 PICASSO CIR,SACRAMENTO,95835,CA,henry@gmail.com,07/26/1976,250000,
255,5706 GREENACRES WAY,ORANGEVALE,95662,CA,henry@gmail.com,07/26/1976,250000,
256,6900 LONICERA DR,ORANGEVALE,95662,CA,henry@gmail.com,07/26/1976,250000,
257,419 DAWNRIDGE RD,ROSEVILLE,95678,CA,henry@gmail.com,07/26/1976,250000,
258,5312 MARBURY WAY,ANTELOPE,95843,CA,henry@gmail.com,07/26/1976,255000,
259,6344 BONHAM CIR,CITRUS HEIGHTS,95610,CA,steve@outlook.com,07/26/1976,256054,
260,8207 YORKTON WAY,SACRAMENTO,95829,CA,henry@gmail.com,07/26/1976,257729,
261,7922 MANSELL WAY,ELK GROVE,95758,CA,henry@gmail.com,07/26/1976,260000,
262,5712 MELBURY CIR,ANTELOPE,95843,CA,henry@gmail.com,07/26/1976,261000,
263,632 NEWBRIDGE LN,LINCOLN,95648,CA,henry@gmail.com,07/26/1976,261800,
264,1570 GLIDDEN AVE,SACRAMENTO,95822,CA,henry@gmail.com,07/26/1976,264469,
265,8108 FILIFERA WAY,ANTELOPE,95843,CA,henry@gmail.com,07/26/1976,265000,
266,230 BANKSIDE WAY,SACRAMENTO,95835,CA,henry@gmail.com,07/26/1976,270000,
267,5342 CALABRIA WAY,SACRAMENTO,95835,CA,henry@gmail.com,07/26/1976,270000,
268,47 NAPONEE CT,SACRAMENTO,95835,CA,henry@gmail.com,07/26/1976,270000,
269,4236 ADRIATIC SEA WAY,SACRAMENTO,95834,CA,henry@gmail.com,07/26/1976,270000,
270,8864 REMBRANT CT,ELK GROVE,95624,CA,henry@gmail.com,07/26/1976,275000,
271,9455 SEA CLIFF WAY,ELK GROVE,95758,CA,henry@gmail.com,07/26/1976,275000,
272,9720 LITTLE HARBOR WAY,ELK GROVE,95624,CA,henry@gmail.com,07/26/1976,280000,
273,8806 PHOENIX AVE,FAIR OAKS,95628,CA,henry@gmail.com,07/26/1976,286013,
274,3578 LOGGERHEAD WAY,SACRAMENTO,95834,CA,henry@gmail.com,07/26/1976,292000,
275,1416 LOCKHART WAY,ROSEVILLE,95747,CA,henry@gmail.com,07/26/1976,292000,
276,5413 BUENA VENTURA WAY,FAIR OAKS,95628,CA,henry@gmail.com,07/26/1976,293993,
277,37 WHITE BIRCH CT,ROSEVILLE,95678,CA,henry@gmail.com,07/26/1976,294000,
278,405 MARLIN SPIKE WAY,SACRAMENTO,95838,CA,henry@gmail.com,07/26/1976,296769,
279,1102 CHESLEY LN,LINCOLN,95648,CA,henry@gmail.com,07/26/1976,297500,
280,11281 STANFORD COURT LN Unit 604,GOLD RIVER,95670,CA,corbett@hotmail.com,07/26/1976,300000,
281,7320 6TH ST,RIO LINDA,95673,CA,henry@gmail.com,07/26/1976,300000,
282,993 MANTON CT,GALT,95632,CA,henry@gmail.com,07/26/1976,300000,
283,4487 PANORAMA DR,PLACERVILLE,95667,CA,henry@gmail.com,07/26/1976,300000,
284,5651 OVERLEAF WAY,SACRAMENTO,95835,CA,henry@gmail.com,07/26/1976,300500,
285,2015 PROMONTORY POINT LN,GOLD RIVER,95670,CA,henry@gmail.com,07/26/1976,305000,
286,3224 PARKHAM DR,ROSEVILLE,95747,CA,henry@gmail.com,07/26/1976,306500,
287,15 VANESSA PL,SACRAMENTO,95835,CA,henry@gmail.com,07/26/1976,312500,
288,1312 RENISON LN,LINCOLN,95648,CA,henry@gmail.com,07/26/1976,315000,
289,8 RIVER RAFT CT,SACRAMENTO,95823,CA,henry@gmail.com,07/26/1976,319789,
290,2251 LAMPLIGHT LN,LINCOLN,95648,CA,henry@gmail.com,07/26/1976,330000,
291,106 FARHAM DR,FOLSOM,95630,CA,henry@gmail.com,07/26/1976,330000,
292,5405 NECTAR CIR,ELK GROVE,95757,CA,henry@gmail.com,07/26/1976,331000,
293,5411 10TH AVE,SACRAMENTO,95820,CA,henry@gmail.com,07/26/1976,334000,
294,3512 RAINSONG CIR,RANCHO CORDOVA,95670,CA,henry@gmail.com,07/26/1976,336000,
295,1106 55TH ST,SACRAMENTO,95819,CA,henry@gmail.com,07/26/1976,339000,
296,411 ILLSLEY WAY,FOLSOM,95630,CA,henry@gmail.com,07/26/1976,339000,
297,796 BUTTERCUP CIR,GALT,95632,CA,henry@gmail.com,07/26/1976,345000,
298,1230 SANDRA CIR,PLACERVILLE,95667,CA,henry@gmail.com,07/26/1976,350000,
299,318 ANACAPA DR,ROSEVILLE,95678,CA,henry@gmail.com,07/26/1976,356000,
300,3975 SHINING STAR DR,SACRAMENTO,95823,CA,henry@gmail.com,07/26/1976,361745,
301,1620 BASLER ST,SACRAMENTO,95811,CA,henry@gmail.com,07/26/1976,361948,
302,9688 NATURE TRAIL WAY,ELK GROVE,95757,CA,henry@gmail.com,07/26/1976,370000,
303,5924 TANUS CIR,ROCKLIN,95677,CA,henry@gmail.com,07/26/1976,380000,
304,9629 CEDAR OAK WAY,ELK GROVE,95757,CA,henry@gmail.com,07/26/1976,385000,
305,3429 FERNBROOK CT,CAMERON PARK,95682,CA,henry@gmail.com,07/26/1976,399000,
306,2121 HANNAH WAY,ROCKLIN,95765,CA,henry@gmail.com,07/26/1976,402000,
307,10104 ANNIE ST,ELK GROVE,95757,CA,henry@gmail.com,07/26/1976,406026,
308,1092 MAUGHAM CT,GALT,95632,CA,henry@gmail.com,07/26/1976,420000,
309,5404 ALMOND FALLS WAY,RANCHO CORDOVA,95742,CA,henry@gmail.com,07/26/1976,425000,
310,6306 CONEJO,RANCHO MURIETA,95683,CA,henry@gmail.com,07/26/1976,425000,
311,14 CASA VATONI PL,SACRAMENTO,95834,CA,henry@gmail.com,07/26/1976,433500,
312,1456 EAGLESFIELD LN,LINCOLN,95648,CA,henry@gmail.com,07/26/1976,436746,
313,4100 BOTHWELL CIR,EL DORADO HILLS,95762,CA,henry@gmail.com,07/26/1976,438700,
314,427 21ST ST,SACRAMENTO,95811,CA,henry@gmail.com,07/26/1976,445000,
315,1044 GALSTON DR,FOLSOM,95630,CA,henry@gmail.com,07/26/1976,450000,
316,4440 SYCAMORE AVE,SACRAMENTO,95841,CA,henry@gmail.com,07/26/1976,460000,
317,1032 SOUZA DR,EL DORADO HILLS,95762,CA,henry@gmail.com,07/26/1976,460000,
318,9760 LAZULITE CT,ELK GROVE,95624,CA,henry@gmail.com,07/26/1976,460000,
319,241 LANFRANCO CIR,SACRAMENTO,95835,CA,henry@gmail.com,07/26/1976,465000,
320,5559 NORTHBOROUGH DR,SACRAMENTO,95835,CA,henry@gmail.com,07/26/1976,471750,
321,2125 BIG SKY DR,ROCKLIN,95765,CA,henry@gmail.com,07/26/1976,480000,
322,2109 HAMLET PL,CARMICHAEL,95608,CA,henry@gmail.com,07/26/1976,484000,
323,9970 STATE HIGHWAY 193,PLACERVILLE,95667,CA,henry@gmail.com,07/26/1976,485000,
324,2901 PINTAIL WAY,ELK GROVE,95757,CA,henry@gmail.com,07/26/1976,495000,
325,201 FIRESTONE DR,ROSEVILLE,95678,CA,henry@gmail.com,07/26/1976,500500,
326,1740 HIGH ST,AUBURN,95603,CA,henry@gmail.com,07/26/1976,504000,
327,2733 DANA LOOP,EL DORADO HILLS,95762,CA,henry@gmail.com,07/26/1976,541000,
328,9741 SADDLEBRED CT,WILTON,95693,CA,henry@gmail.com,07/26/1976,560000,
329,7756 TIGERWOODS DR,SACRAMENTO,95829,CA,henry@gmail.com,07/26/1976,572500,
330,5709 RIVER OAK WAY,CARMICHAEL,95608,CA,henry@gmail.com,07/26/1976,582000,
331,2981 WRINGER DR,ROSEVILLE,95661,CA,henry@gmail.com,07/26/1976,613401,
332,8616 ROCKPORTE CT,ROSEVILLE,95747,CA,henry@gmail.com,07/26/1976,614000,
333,4128 HILL ST,FAIR OAKS,95628,CA,henry@gmail.com,07/26/1976,680000,
334,1409 47TH ST,SACRAMENTO,95819,CA,henry@gmail.com,07/26/1976,699000,
335,3935 EL MONTE DR,LOOMIS,95650,CA,henry@gmail.com,07/26/1976,839000,
336,5840 WALERGA RD,SACRAMENTO,95842,CA,corbett@hotmail.com,09/19/1970,40000,
337,923 FULTON AVE,SACRAMENTO,95825,CA,corbett@hotmail.com,09/19/1970,48000,
338,261 REDONDO AVE,SACRAMENTO,95815,CA,henry@gmail.com,09/19/1970,61500,
339,4030 BROADWAY,SACRAMENTO,95817,CA,henry@gmail.com,09/19/1970,62050,
340,3660 22ND AVE,SACRAMENTO,95820,CA,henry@gmail.com,09/19/1970,65000,
341,3924 HIGH ST,SACRAMENTO,95838,CA,henry@gmail.com,09/19/1970,65000,
342,4734 14TH AVE,SACRAMENTO,95820,CA,henry@gmail.com,09/19/1970,68000,
343,4734 14TH AVE,SACRAMENTO,95820,CA,henry@gmail.com,09/19/1970,68000,
344,5050 RHODE ISLAND DR Unit 4,SACRAMENTO,95841,CA,corbett@hotmail.com,09/19/1970,77000,
345,4513 GREENHOLME DR,SACRAMENTO,95842,CA,corbett@hotmail.com,09/19/1970,82732,
346,3845 ELM ST,SACRAMENTO,95838,CA,henry@gmail.com,09/19/1970,84000,
347,3908 17TH AVE,SACRAMENTO,95820,CA,henry@gmail.com,09/19/1970,84675,
348,7109 CHANDLER DR,SACRAMENTO,95828,CA,henry@gmail.com,09/19/1970,85000,
349,7541 SKELTON WAY,SACRAMENTO,95822,CA,henry@gmail.com,09/19/1970,90000,
350,9058 MONTOYA ST,SACRAMENTO,95826,CA,corbett@hotmail.com,09/19/1970,90000,
351,1016 CONGRESS AVE,SACRAMENTO,95838,CA,henry@gmail.com,09/19/1970,91000,
352,540 MORRISON AVE,SACRAMENTO,95838,CA,henry@gmail.com,09/19/1970,95000,
353,5303 JERRETT WAY,SACRAMENTO,95842,CA,henry@gmail.com,09/19/1970,97500,
354,2820 DEL PASO BLVD,SACRAMENTO,95815,CA,steve@outlook.com,09/19/1970,100000,
355,3715 TALLYHO DR Unit 78HIGH,SACRAMENTO,95826,CA,corbett@hotmail.com,09/19/1970,100000,
356,6013 ROWAN WAY,CITRUS HEIGHTS,95621,CA,henry@gmail.com,09/19/1970,101000,
357,2987 PONDEROSA LN,SACRAMENTO,95815,CA,henry@gmail.com,09/19/1970,102750,
358,3732 LANKERSHIM WAY,NORTH HIGHLANDS,95660,CA,henry@gmail.com,09/19/1970,112500,
359,2216 DUNLAP DR,SACRAMENTO,95821,CA,henry@gmail.com,09/19/1970,113000,
360,3503 21ST AVE,SACRAMENTO,95820,CA,henry@gmail.com,09/19/1970,114000,
361,523 EXCHANGE ST,SACRAMENTO,95838,CA,henry@gmail.com,09/19/1970,114000,
362,8101 PORT ROYALE WAY,SACRAMENTO,95823,CA,henry@gmail.com,09/19/1970,114750,
363,8020 WALERGA RD,ANTELOPE,95843,CA,corbett@hotmail.com,09/19/1970,115000,
364,167 VALLEY OAK DR,ROSEVILLE,95678,CA,corbett@hotmail.com,09/19/1970,115000,
365,7876 BURLINGTON WAY,SACRAMENTO,95832,CA,henry@gmail.com,09/19/1970,116100,
366,3726 JONKO AVE,NORTH HIGHLANDS,95660,CA,henry@gmail.com,09/19/1970,119250,
367,7342 GIGI PL,SACRAMENTO,95828,CA,steve@outlook.com,09/19/1970,120000,
368,2610 PHYLLIS AVE,SACRAMENTO,95820,CA,henry@gmail.com,09/19/1970,120000,
369,4200 COMMERCE WAY Unit 711,SACRAMENTO,95834,CA,corbett@hotmail.com,09/19/1970,120000,
370,4621 COUNTRY SCENE WAY,SACRAMENTO,95823,CA,henry@gmail.com,09/19/1970,120108,
371,5380 VILLAGE WOOD DR,SACRAMENTO,95823,CA,henry@gmail.com,09/19/1970,121500,
372,2621 EVERGREEN ST,SACRAMENTO,95815,CA,henry@gmail.com,09/19/1970,121725,
373,201 CARLO CT,GALT,95632,CA,henry@gmail.com,09/19/1970,122000,
374,6743 21ST ST,SACRAMENTO,95822,CA,henry@gmail.com,09/19/1970,123000,
375,3128 VIA GRANDE,SACRAMENTO,95825,CA,henry@gmail.com,09/19/1970,125000,
376,2847 BELGRADE WAY,SACRAMENTO,95833,CA,henry@gmail.com,09/19/1970,125573,
377,7741 MILLDALE CIR,ELVERTA,95626,CA,henry@gmail.com,09/19/1970,126714,
378,9013 CASALS ST,SACRAMENTO,95826,CA,corbett@hotmail.com,09/19/1970,126960,
379,227 MAHAN CT Unit 1,ROSEVILLE,95678,CA,corbett@hotmail.com,09/19/1970,127000,
380,7349 FLETCHER FARM DR,SACRAMENTO,95828,CA,henry@gmail.com,09/19/1970,127500,
381,7226 LARCHMONT DR,NORTH HIGHLANDS,95660,CA,henry@gmail.com,09/19/1970,130000,
382,4114 35TH AVE,SACRAMENTO,95824,CA,henry@gmail.com,09/19/1970,133105,
383,617 M ST,RIO LINDA,95673,CA,henry@gmail.com,09/19/1970,136500,
384,7032 FAIR OAKS BLVD,CARMICHAEL,95608,CA,corbett@hotmail.com,09/19/1970,139500,
385,2421 SANTINA WAY,ELVERTA,95626,CA,henry@gmail.com,09/19/1970,140000,
386,2368 CRAIG AVE,SACRAMENTO,95832,CA,henry@gmail.com,09/19/1970,140800,
387,2123 AMANDA WAY,SACRAMENTO,95822,CA,henry@gmail.com,09/19/1970,145000,
388,7620 DARLA WAY,SACRAMENTO,95828,CA,henry@gmail.com,09/19/1970,147000,
389,8344 FIELDPOPPY CIR,SACRAMENTO,95828,CA,henry@gmail.com,09/19/1970,149600,
390,3624 20TH AVE,SACRAMENTO,95820,CA,henry@gmail.com,09/19/1970,150000,
391,10001 WOODCREEK OAKS BLVD Unit 1415,ROSEVILLE,95747,CA,corbett@hotmail.com,09/19/1970,150000,
392,2848 PROVO WAY,SACRAMENTO,95822,CA,henry@gmail.com,09/19/1970,150000,
393,6045 EHRHARDT AVE,SACRAMENTO,95823,CA,henry@gmail.com,09/19/1970,155000,
394,1223 LAMBERTON CIR,SACRAMENTO,95838,CA,henry@gmail.com,09/19/1970,155435,
395,1223 LAMBERTON CIR,SACRAMENTO,95838,CA,henry@gmail.com,09/19/1970,155500,
396,6000 BIRCHGLADE WAY,CITRUS HEIGHTS,95621,CA,henry@gmail.com,09/19/1970,158000,
397,7204 THOMAS DR,NORTH HIGHLANDS,95660,CA,henry@gmail.com,09/19/1970,158000,
398,8363 LANGTREE WAY,SACRAMENTO,95823,CA,henry@gmail.com,09/19/1970,160000,
399,1675 VERNON ST Unit 8,ROSEVILLE,95678,CA,henry@gmail.com,09/19/1970,160000,
400,6632 IBEX WOODS CT,CITRUS HEIGHTS,95621,CA,henry@gmail.com,09/19/1970,164000,
401,117 EVCAR WAY,RIO LINDA,95673,CA,henry@gmail.com,09/19/1970,164000,
402,6485 LAGUNA MIRAGE LN,ELK GROVE,95758,CA,henry@gmail.com,09/19/1970,165000,
403,746 MOOSE CREEK WAY,GALT,95632,CA,henry@gmail.com,09/19/1970,167000,
404,8306 CURLEW CT,CITRUS HEIGHTS,95621,CA,henry@gmail.com,09/19/1970,167293,
405,8306 CURLEW CT,CITRUS HEIGHTS,95621,CA,henry@gmail.com,09/19/1970,167293,
406,5217 ARGO WAY,SACRAMENTO,95820,CA,henry@gmail.com,09/19/1970,168000,
407,7108 HEATHER TREE DR,SACRAMENTO,95842,CA,henry@gmail.com,09/19/1970,170000,
408,2956 DAVENPORT WAY,SACRAMENTO,95833,CA,henry@gmail.com,09/19/1970,170000,
409,10062 LINCOLN VILLAGE DR,SACRAMENTO,95827,CA,henry@gmail.com,09/19/1970,170000,
410,332 PALIN AVE,GALT,95632,CA,henry@gmail.com,09/19/1970,174000,
411,4649 FREEWAY CIR,SACRAMENTO,95841,CA,henry@gmail.com,09/19/1970,178000,
412,8593 DERLIN WAY,SACRAMENTO,95823,CA,henry@gmail.com,09/19/1970,180000,
413,9273 PREMIER WAY,SACRAMENTO,95826,CA,henry@gmail.com,09/19/1970,180000,
414,8032 DUSENBERG CT,SACRAMENTO,95828,CA,henry@gmail.com,09/19/1970,180000,
415,7110 STELLA LN Unit 15,CARMICHAEL,95608,CA,corbett@hotmail.com,09/19/1970,182000,
416,1786 PIEDMONT WAY,ROSEVILLE,95661,CA,henry@gmail.com,09/19/1970,188325,
417,1347 HIDALGO CIR,ROSEVILLE,95747,CA,henry@gmail.com,09/19/1970,191500,
418,212 CAPPUCINO WAY,SACRAMENTO,95838,CA,henry@gmail.com,09/19/1970,192000,
419,5938 WOODBRIAR WAY,CITRUS HEIGHTS,95621,CA,henry@gmail.com,09/19/1970,192700,
420,3801 WILDROSE WAY,SACRAMENTO,95826,CA,henry@gmail.com,09/19/1970,195000,
421,508 SAMUEL WAY,SACRAMENTO,95838,CA,henry@gmail.com,09/19/1970,197654,
422,6128 CARL SANDBURG CIR,SACRAMENTO,95842,CA,henry@gmail.com,09/19/1970,198000,
423,1 KENNELFORD CIR,SACRAMENTO,95823,CA,henry@gmail.com,09/19/1970,200345,
424,909 SINGINGWOOD RD,SACRAMENTO,95864,CA,henry@gmail.com,09/19/1970,203000,
425,6671 FOXWOOD CT,SACRAMENTO,95841,CA,henry@gmail.com,09/19/1970,207000,
426,8165 AYN RAND CT,SACRAMENTO,95828,CA,henry@gmail.com,09/19/1970,208000,
427,9474 VILLAGE TREE DR,ELK GROVE,95758,CA,henry@gmail.com,09/19/1970,210000,
428,7213 CALVIN DR,CITRUS HEIGHTS,95621,CA,henry@gmail.com,09/19/1970,212000,
429,8167 DERBY PARK CT,SACRAMENTO,95828,CA,henry@gmail.com,09/19/1970,213675,
430,6344 LAGUNA MIRAGE LN,ELK GROVE,95758,CA,henry@gmail.com,09/19/1970,213697,
431,2945 RED HAWK WAY,SACRAMENTO,95833,CA,henry@gmail.com,09/19/1970,215000,
432,3228 I ST,SACRAMENTO,95816,CA,henry@gmail.com,09/19/1970,215000,
433,308 ATKINSON ST,ROSEVILLE,95678,CA,henry@gmail.com,09/19/1970,215100,
434,624 HOVEY WAY,ROSEVILLE,95678,CA,henry@gmail.com,09/19/1970,217500,
435,110 COPPER LEAF WAY,SACRAMENTO,95838,CA,henry@gmail.com,09/19/1970,218000,
436,7535 ALMA VISTA WAY,SACRAMENTO,95831,CA,henry@gmail.com,09/19/1970,220000,
437,7423 WILSALL CT,ELK GROVE,95758,CA,henry@gmail.com,09/19/1970,221000,
438,8629 VIA ALTA WAY,ELK GROVE,95624,CA,henry@gmail.com,09/19/1970,222900,
439,3318 DAVIDSON DR,ANTELOPE,95843,CA,henry@gmail.com,09/19/1970,223139,
440,913 COBDEN CT,GALT,95632,CA,henry@gmail.com,09/19/1970,225500,
441,4419 79TH ST,SACRAMENTO,95820,CA,henry@gmail.com,09/19/1970,228327,
442,3012 SPOONWOOD WAY,SACRAMENTO,95833,CA,henry@gmail.com,09/19/1970,230000,
443,8728 CRYSTAL RIVER WAY,SACRAMENTO,95828,CA,henry@gmail.com,09/19/1970,230000,
444,4709 AMBER LN Unit 1,SACRAMENTO,95841,CA,corbett@hotmail.com,09/19/1970,230522,
445,4508 OLD DAIRY DR,ANTELOPE,95843,CA,henry@gmail.com,09/19/1970,231200,
446,312 RIVER ISLE WAY,SACRAMENTO,95831,CA,henry@gmail.com,09/19/1970,232000,
447,301 OLIVADI WAY,SACRAMENTO,95834,CA,corbett@hotmail.com,09/19/1970,232500,
448,5636 25TH ST,SACRAMENTO,95822,CA,henry@gmail.com,09/19/1970,233641,
449,8721 SPRUCE RIDGE WAY,ANTELOPE,95843,CA,henry@gmail.com,09/19/1970,234000,
450,7461 WINDBRIDGE DR,SACRAMENTO,95831,CA,henry@gmail.com,09/19/1970,234500,
451,8101 LEMON COVE CT,SACRAMENTO,95828,CA,henry@gmail.com,09/19/1970,235000,
452,10949 SCOTSMAN WAY,RANCHO CORDOVA,95670,CA,steve@outlook.com,09/19/1970,236000,
453,617 WILLOW CREEK DR,FOLSOM,95630,CA,henry@gmail.com,09/19/1970,236073,
454,3301 PARK DR Unit 1914,SACRAMENTO,95835,CA,corbett@hotmail.com,09/19/1970,238000,
455,709 CIMMARON CT,GALT,95632,CA,henry@gmail.com,09/19/1970,238861,
456,3305 RIO ROCA CT,ANTELOPE,95843,CA,henry@gmail.com,09/19/1970,239700,
457,9080 BEDROCK CT,SACRAMENTO,95829,CA,henry@gmail.com,09/19/1970,240000,
458,100 TOURMALINE CIR,SACRAMENTO,95834,CA,henry@gmail.com,09/19/1970,240000,
459,6411 RED BIRCH WAY,ELK GROVE,95758,CA,henry@gmail.com,09/19/1970,241000,
460,4867 LAGUNA DR,SACRAMENTO,95823,CA,henry@gmail.com,09/19/1970,245000,
461,3662 RIVER DR,SACRAMENTO,95833,CA,henry@gmail.com,09/19/1970,246000,
462,6943 WOLFGRAM WAY,SACRAMENTO,95828,CA,henry@gmail.com,09/19/1970,247234,
463,77 RINETTI WAY,RIO LINDA,95673,CA,henry@gmail.com,09/19/1970,247480,
464,1316 I ST,RIO LINDA,95673,CA,henry@gmail.com,09/19/1970,249862,
465,2130 CATHERWOOD WAY,SACRAMENTO,95835,CA,henry@gmail.com,09/19/1970,251000,
466,8304 JUGLANS DR,ORANGEVALE,95662,CA,henry@gmail.com,09/19/1970,252155,
467,5308 MARBURY WAY,ANTELOPE,95843,CA,henry@gmail.com,09/19/1970,254172,
468,9182 LAKEMONT DR,ELK GROVE,95624,CA,henry@gmail.com,09/19/1970,258000,
469,2231 COUNTRY VILLA CT,AUBURN,95603,CA,corbett@hotmail.com,09/19/1970,260000,
470,8491 CRYSTAL WALK CIR,ELK GROVE,95758,CA,henry@gmail.com,09/19/1970,261000,
471,361 MAHONIA CIR,SACRAMENTO,95835,CA,henry@gmail.com,09/19/1970,261000,
472,3427 LA CADENA WAY,SACRAMENTO,95835,CA,henry@gmail.com,09/19/1970,261000,
473,955 BIG SUR CT,EL DORADO HILLS,95762,CA,henry@gmail.com,09/19/1970,262500,
474,11826 DIONYSUS WAY,RANCHO CORDOVA,95742,CA,henry@gmail.com,09/19/1970,266000,
475,5847 DEL CAMPO LN,CARMICHAEL,95608,CA,henry@gmail.com,09/19/1970,266000,
476,5635 FOXVIEW WAY,ELK GROVE,95757,CA,henry@gmail.com,09/19/1970,270000,
477,10372 VIA CINTA CT,ELK GROVE,95757,CA,henry@gmail.com,09/19/1970,274425,
478,6286 LONETREE BLVD,ROCKLIN,95765,CA,henry@gmail.com,09/19/1970,274500,
479,7744 SOUTHBREEZE DR,SACRAMENTO,95828,CA,henry@gmail.com,09/19/1970,275336,
480,2242 ABLE WAY,SACRAMENTO,95835,CA,henry@gmail.com,09/19/1970,277980,
481,1042 STARBROOK DR,GALT,95632,CA,henry@gmail.com,09/19/1970,280000,
482,1219 G ST,SACRAMENTO,95814,CA,henry@gmail.com,09/19/1970,284686,
483,6220 OPUS CT,CITRUS HEIGHTS,95621,CA,henry@gmail.com,09/19/1970,284893,
484,5419 HAVENHURST CIR,ROCKLIN,95677,CA,henry@gmail.com,09/19/1970,285000,
485,220 OLD AIRPORT RD,AUBURN,95603,CA,steve@outlook.com,09/19/1970,285000,
486,4622 MEYER WAY,CARMICHAEL,95608,CA,henry@gmail.com,09/19/1970,285000,
487,4885 SUMMIT VIEW DR,EL DORADO,95623,CA,henry@gmail.com,09/19/1970,289000,
488,26 JEANROSS CT,SACRAMENTO,95832,CA,henry@gmail.com,09/19/1970,295000,
489,4800 MAPLEPLAIN AVE,ELK GROVE,95758,CA,henry@gmail.com,09/19/1970,296000,
490,10629 BASIE WAY,RANCHO CORDOVA,95670,CA,henry@gmail.com,09/19/1970,296056,
491,8612 WILLOW GROVE WAY,SACRAMENTO,95828,CA,henry@gmail.com,09/19/1970,297359,
492,62 DE FER CIR,SACRAMENTO,95823,CA,henry@gmail.com,09/19/1970,299940,
493,2513 OLD KENMARE RD,LINCOLN,95648,CA,henry@gmail.com,09/19/1970,304000,
494,3253 ABOTO WAY,RANCHO CORDOVA,95670,CA,henry@gmail.com,09/19/1970,305000,
495,3072 VILLAGE PLAZA DR,ROSEVILLE,95747,CA,henry@gmail.com,09/19/1970,307000,
496,251 CHANGO CIR,SACRAMENTO,95835,CA,henry@gmail.com,09/19/1970,311328,
497,8205 WEYBURN CT,SACRAMENTO,95828,CA,henry@gmail.com,09/19/1970,313138,
498,8788 LA MARGARITA WAY,SACRAMENTO,95828,CA,henry@gmail.com,09/19/1970,316630,
499,5912 DEEPDALE WAY,ELK GROVE,95758,CA,henry@gmail.com,09/19/1970,320000,
500,4712 PISMO BEACH DR,ANTELOPE,95843,CA,henry@gmail.com,09/19/1970,320000,
501,4741 PACIFIC PARK DR,ANTELOPE,95843,CA,henry@gmail.com,09/19/1970,325000,
502,310 GROTH CIR,SACRAMENTO,95834,CA,henry@gmail.com,09/19/1970,328578,
503,6121 WILD FOX CT,ELK GROVE,95757,CA,henry@gmail.com,09/19/1970,331000,
504,12241 CANYONLANDS DR,RANCHO CORDOVA,95742,CA,henry@gmail.com,09/19/1970,331500,
505,29 COOL FOUNTAIN CT,SACRAMENTO,95833,CA,henry@gmail.com,09/19/1970,340000,
506,907 RIO ROBLES AVE,SACRAMENTO,95838,CA,henry@gmail.com,09/19/1970,344755,
507,8909 BILLFISH WAY,SACRAMENTO,95828,CA,henry@gmail.com,09/19/1970,345746,
508,6232 GUS WAY,ELK GROVE,95757,CA,henry@gmail.com,09/19/1970,351000,
509,200 OAKWILDE ST,GALT,95632,CA,henry@gmail.com,09/19/1970,353767,
510,1033 PARK STREAM DR,GALT,95632,CA,henry@gmail.com,09/19/1970,355000,
511,200 ALLAIRE CIR,SACRAMENTO,95835,CA,henry@gmail.com,09/19/1970,356035,
512,1322 SUTTER WALK,SACRAMENTO,95816,CA,corbett@hotmail.com,09/19/1970,360000,
513,5479 NICKMAN WAY,SACRAMENTO,95835,CA,henry@gmail.com,09/19/1970,360552,
514,2103 BURBERRY WAY,SACRAMENTO,95835,CA,henry@gmail.com,09/19/1970,362305,
515,2450 SAN JOSE WAY,SACRAMENTO,95817,CA,henry@gmail.com,09/19/1970,365000,
516,7641 ROSEHALL DR,ROSEVILLE,95678,CA,henry@gmail.com,09/19/1970,367554,
517,1336 LAYSAN TEAL DR,ROSEVILLE,95747,CA,henry@gmail.com,09/19/1970,368500,
518,2802 BLACK OAK DR,ROCKLIN,95765,CA,henry@gmail.com,09/19/1970,370000,
519,2113 FALL TRAIL CT,PLACERVILLE,95667,CA,henry@gmail.com,09/19/1970,371086,
520,10112 LAMBEAU CT,ELK GROVE,95757,CA,henry@gmail.com,09/19/1970,378000,
521,6313 CASTRO VERDE WAY,ELK GROVE,95757,CA,henry@gmail.com,09/19/1970,383000,
522,3622 CURTIS DR,SACRAMENTO,95818,CA,henry@gmail.com,09/19/1970,388000,
523,11817 OPAL RIDGE WAY,RANCHO CORDOVA,95742,CA,henry@gmail.com,09/19/1970,395100,
524,170 LAGOMARSINO WAY,SACRAMENTO,95819,CA,henry@gmail.com,09/19/1970,400000,
525,2743 DEAKIN PL,EL DORADO HILLS,95762,CA,henry@gmail.com,09/19/1970,400000,
526,3361 ALDER CANYON WAY,ANTELOPE,95843,CA,henry@gmail.com,09/19/1970,408431,
527,2148 RANCH VIEW DR,ROCKLIN,95765,CA,henry@gmail.com,09/19/1970,413000,
528,398 LINDLEY DR,SACRAMENTO,95815,CA,steve@outlook.com,09/19/1970,416767,
529,3013 BRIDLEWOOD DR,EL DORADO HILLS,95762,CA,henry@gmail.com,09/19/1970,420000,
530,169 BAURER CIR,FOLSOM,95630,CA,henry@gmail.com,09/19/1970,423000,
531,2809 LOON CT,CAMERON PARK,95682,CA,henry@gmail.com,09/19/1970,423000,
532,1315 KONDOS AVE,SACRAMENTO,95814,CA,henry@gmail.com,09/19/1970,427500,
533,4966 CHARTER RD,ROCKLIN,95765,CA,henry@gmail.com,09/19/1970,430922,
534,9516 LAGUNA LAKE WAY,ELK GROVE,95758,CA,henry@gmail.com,09/19/1970,445000,
535,5201 BLOSSOM RANCH DR,ELK GROVE,95757,CA,henry@gmail.com,09/19/1970,450000,
536,3027 PALMATE WAY,SACRAMENTO,95834,CA,henry@gmail.com,09/19/1970,452000,
537,500 WINCHESTER CT,ROSEVILLE,95661,CA,henry@gmail.com,09/19/1970,470000,
538,5746 GELSTON WAY,EL DORADO HILLS,95762,CA,henry@gmail.com,09/19/1970,471000,
539,6935 ELM TREE LN,ORANGEVALE,95662,CA,henry@gmail.com,09/19/1970,475000,
540,9605 GOLF COURSE LN,ELK GROVE,95758,CA,henry@gmail.com,09/19/1970,484500,
541,719 BAYWOOD CT,EL DORADO HILLS,95762,CA,henry@gmail.com,09/19/1970,487500,
542,5954 TANUS CIR,ROCKLIN,95677,CA,henry@gmail.com,09/19/1970,488750,
543,100 CHELSEA CT,FOLSOM,95630,CA,henry@gmail.com,09/19/1970,500000,
544,1500 ORANGE HILL LN,PENRYN,95663,CA,henry@gmail.com,09/19/1970,506688,
545,408 KIRKWOOD CT,LINCOLN,95648,CA,henry@gmail.com,09/19/1970,512000,
546,1732 TUSCAN GROVE CIR,ROSEVILLE,95747,CA,henry@gmail.com,09/19/1970,520000,
547,2049 EMPIRE MINE CIR,GOLD RIVER,95670,CA,henry@gmail.com,09/19/1970,528000,
548,9360 MAGOS RD,WILTON,95693,CA,henry@gmail.com,09/19/1970,579093,
549,104 CATLIN CT,FOLSOM,95630,CA,henry@gmail.com,09/19/1970,636000,
550,4734 GIBBONS DR,CARMICHAEL,95608,CA,henry@gmail.com,09/19/1970,668365,
551,4629 DORCHESTER LN,GRANITE BAY,95746,CA,henry@gmail.com,09/19/1970,676200,
552,2400 COUNTRYSIDE DR,PLACERVILLE,95667,CA,henry@gmail.com,09/19/1970,677048,
553,12901 FURLONG DR,WILTON,95693,CA,henry@gmail.com,09/19/1970,691659,
554,6222 CALLE MONTALVO CIR,GRANITE BAY,95746,CA,henry@gmail.com,09/19/1970,760000,
555,20 CRYSTALWOOD CIR,LINCOLN,95648,CA,henry@gmail.com,09/19/1970,4897,
556,24 CRYSTALWOOD CIR,LINCOLN,95648,CA,henry@gmail.com,09/19/1970,4897,
557,28 CRYSTALWOOD CIR,LINCOLN,95648,CA,henry@gmail.com,09/19/1970,4897,
558,32 CRYSTALWOOD CIR,LINCOLN,95648,CA,henry@gmail.com,09/19/1970,4897,
559,36 CRYSTALWOOD CIR,LINCOLN,95648,CA,henry@gmail.com,09/19/1970,4897,
560,40 CRYSTALWOOD CIR,LINCOLN,95648,CA,henry@gmail.com,09/19/1970,4897,
561,44 CRYSTALWOOD CIR,LINCOLN,95648,CA,henry@gmail.com,09/19/1970,4897,
562,48 CRYSTALWOOD CIR,LINCOLN,95648,CA,henry@gmail.com,09/19/1970,4897,
563,52 CRYSTALWOOD CIR,LINCOLN,95648,CA,henry@gmail.com,09/19/1970,4897,
564,68 CRYSTALWOOD CIR,LINCOLN,95648,CA,henry@gmail.com,09/19/1970,4897,
565,72 CRYSTALWOOD CIR,LINCOLN,95648,CA,henry@gmail.com,09/19/1970,4897,
566,76 CRYSTALWOOD CIR,LINCOLN,95648,CA,henry@gmail.com,09/19/1970,4897,
567,80 CRYSTALWOOD CIR,LINCOLN,95648,CA,henry@gmail.com,09/19/1970,4897,
568,84 CRYSTALWOOD CIR,LINCOLN,95648,CA,henry@gmail.com,09/19/1970,4897,
569,88 CRYSTALWOOD CIR,LINCOLN,95648,CA,henry@gmail.com,09/19/1970,4897,
570,92 CRYSTALWOOD CIR,LINCOLN,95648,CA,henry@gmail.com,09/19/1970,4897,
571,96 CRYSTALWOOD CIR,LINCOLN,95648,CA,henry@gmail.com,09/19/1970,4897,
572,100 CRYSTALWOOD CIR,LINCOLN,95648,CA,henry@gmail.com,09/19/1970,4897,
573,434 1ST ST,LINCOLN,95648,CA,henry@gmail.com,09/19/1970,4897,
574,3 E ST,LINCOLN,95648,CA,henry@gmail.com,09/19/1970,4897,
575,11 E ST,LINCOLN,95648,CA,henry@gmail.com,09/19/1970,4897,
576,19 E ST,LINCOLN,95648,CA,henry@gmail.com,09/19/1970,4897,
577,27 E ST,LINCOLN,95648,CA,henry@gmail.com,09/19/1970,4897,
578,35 E ST,LINCOLN,95648,CA,henry@gmail.com,09/19/1970,4897,
579,43 E ST,LINCOLN,95648,CA,henry@gmail.com,09/19/1970,4897,
580,51 E ST,LINCOLN,95648,CA,henry@gmail.com,09/19/1970,4897,
581,59 E ST,LINCOLN,95648,CA,henry@gmail.com,09/19/1970,4897,
582,75 E ST,LINCOLN,95648,CA,henry@gmail.com,09/19/1970,4897,
583,63 CRYSTALWOOD CIR,LINCOLN,95648,CA,henry@gmail.com,09/19/1970,4897,
584,398 1ST ST,LINCOLN,95648,CA,henry@gmail.com,09/19/1970,4897,
585,386 1ST ST,LINCOLN,95648,CA,henry@gmail.com,09/19/1970,4897,
586,374 1ST ST,LINCOLN,95648,CA,henry@gmail.com,09/19/1970,4897,
587,116 CRYSTALWOOD WAY,LINCOLN,95648,CA,henry@gmail.com,09/19/1970,4897,
588,108 CRYSTALWOOD WAY,LINCOLN,95648,CA,henry@gmail.com,09/19/1970,4897,
589,100 CRYSTALWOOD WAY,LINCOLN,95648,CA,henry@gmail.com,09/19/1970,4897,
590,55 CRYSTALWOOD CIR,LINCOLN,95648,CA,henry@gmail.com,09/19/1970,4897,
591,51 CRYSTALWOOD CIR,LINCOLN,95648,CA,henry@gmail.com,09/19/1970,4897,
592,47 CRYSTALWOOD CIR,LINCOLN,95648,CA,henry@gmail.com,09/19/1970,4897,
593,43 CRYSTALWOOD CIR,LINCOLN,95648,CA,henry@gmail.com,09/19/1970,4897,
594,39 CRYSTALWOOD CIR,LINCOLN,95648,CA,henry@gmail.com,09/19/1970,4897,
595,35 CRYSTALWOOD CIR,LINCOLN,95648,CA,henry@gmail.com,09/19/1970,4897,
596,31 CRYSTALWOOD CIR,LINCOLN,95648,CA,henry@gmail.com,09/19/1970,4897,
597,27 CRYSTALWOOD CIR,LINCOLN,95648,CA,henry@gmail.com,09/19/1970,4897,
598,23 CRYSTALWOOD CIR,LINCOLN,95648,CA,henry@gmail.com,09/19/1970,4897,
599,19 CRYSTALWOOD CIR,LINCOLN,95648,CA,henry@gmail.com,09/19/1970,4897,
600,15 CRYSTALWOOD CIR,LINCOLN,95648,CA,henry@gmail.com,09/19/1970,4897,
601,7 CRYSTALWOOD CIR,LINCOLN,95648,CA,henry@gmail.com,09/19/1970,4897,
602,7 CRYSTALWOOD CIR,LINCOLN,95648,CA,henry@gmail.com,09/19/1970,4897,
603,3 CRYSTALWOOD CIR,LINCOLN,95648,CA,henry@gmail.com,09/19/1970,4897,
604,8208 WOODYARD WAY,CITRUS HEIGHTS,95621,CA,henry@gmail.com,03/14/1986,30000,
605,113 RINETTI WAY,RIO LINDA,95673,CA,henry@gmail.com,03/14/1986,30000,
606,15 LOORZ CT,SACRAMENTO,95823,CA,henry@gmail.com,03/14/1986,55422,
607,5805 DOTMAR WAY,NORTH HIGHLANDS,95660,CA,henry@gmail.com,03/14/1986,63000,
608,2332 CAMBRIDGE ST,SACRAMENTO,95815,CA,henry@gmail.com,03/14/1986,65000,
609,3812 BELDEN ST,SACRAMENTO,95838,CA,henry@gmail.com,03/14/1986,65000,
610,3348 40TH ST,SACRAMENTO,95817,CA,henry@gmail.com,03/14/1986,65000,
611,127 QUASAR CIR,SACRAMENTO,95822,CA,henry@gmail.com,03/14/1986,66500,
612,3812 CYPRESS ST,SACRAMENTO,95838,CA,henry@gmail.com,03/14/1986,71000,
613,5821 64TH ST,SACRAMENTO,95824,CA,henry@gmail.com,03/14/1986,75000,
614,8248 CENTER PKWY,SACRAMENTO,95823,CA,corbett@hotmail.com,03/14/1986,77000,
615,1171 SONOMA AVE,SACRAMENTO,95815,CA,henry@gmail.com,03/14/1986,85000,
616,4250 ARDWELL WAY,SACRAMENTO,95823,CA,henry@gmail.com,03/14/1986,95625,
617,3104 CLAY ST,SACRAMENTO,95815,CA,henry@gmail.com,03/14/1986,96140,
618,6063 LAND PARK DR,SACRAMENTO,95822,CA,corbett@hotmail.com,03/14/1986,104250,
619,4738 OAKHOLLOW DR,SACRAMENTO,95842,CA,henry@gmail.com,03/14/1986,105000,
620,1401 STERLING ST,SACRAMENTO,95822,CA,henry@gmail.com,03/14/1986,108000,
621,3715 DIDCOT CIR,SACRAMENTO,95838,CA,henry@gmail.com,03/14/1986,109000,
622,2426 RASHAWN DR,RANCHO CORDOVA,95670,CA,henry@gmail.com,03/14/1986,115000,
623,4800 WESTLAKE PKWY Unit 410,SACRAMENTO,95835,CA,corbett@hotmail.com,03/14/1986,115000,
624,3409 VIRGO ST,SACRAMENTO,95827,CA,henry@gmail.com,03/14/1986,115500,
625,1110 PINEDALE AVE,SACRAMENTO,95838,CA,henry@gmail.com,03/14/1986,115620,
626,2361 LA LOMA DR,RANCHO CORDOVA,95670,CA,henry@gmail.com,03/14/1986,116000,
627,1455 64TH AVE,SACRAMENTO,95822,CA,henry@gmail.com,03/14/1986,122000,
628,7328 SPRINGMAN ST,SACRAMENTO,95822,CA,henry@gmail.com,03/14/1986,122500,
629,119 SAINT MARIE CIR,SACRAMENTO,95823,CA,henry@gmail.com,03/14/1986,123000,
630,12 COSTA BRASE CT,SACRAMENTO,95838,CA,henry@gmail.com,03/14/1986,124000,
631,6813 SCOTER WAY,SACRAMENTO,95842,CA,henry@gmail.com,03/14/1986,124000,
632,6548 GRAYLOCK LN,NORTH HIGHLANDS,95660,CA,henry@gmail.com,03/14/1986,124413,
633,1630 GLIDDEN AVE,SACRAMENTO,95822,CA,henry@gmail.com,03/14/1986,125000,
634,7825 DALEWOODS WAY,SACRAMENTO,95828,CA,henry@gmail.com,03/14/1986,130000,
635,4073 TRESLER AVE,NORTH HIGHLANDS,95660,CA,henry@gmail.com,03/14/1986,131750,
636,4288 DYMIC WAY,SACRAMENTO,95838,CA,henry@gmail.com,03/14/1986,137721,
637,1158 SAN IGNACIO WAY,SACRAMENTO,95833,CA,henry@gmail.com,03/14/1986,137760,
638,4904 J PKWY,SACRAMENTO,95823,CA,henry@gmail.com,03/14/1986,138000,
639,2931 HOWE AVE,SACRAMENTO,95821,CA,henry@gmail.com,03/14/1986,140000,
640,5531 JANSEN DR,SACRAMENTO,95824,CA,henry@gmail.com,03/14/1986,145000,
641,7836 ORCHARD WOODS CIR,SACRAMENTO,95828,CA,henry@gmail.com,03/14/1986,145000,
642,4055 DEERBROOK DR,SACRAMENTO,95823,CA,henry@gmail.com,03/14/1986,150000,
643,9937 BURLINE ST,SACRAMENTO,95827,CA,henry@gmail.com,03/14/1986,150000,
644,6948 MIRADOR WAY,SACRAMENTO,95828,CA,henry@gmail.com,03/14/1986,151000,
645,4909 RUGER CT,SACRAMENTO,95842,CA,henry@gmail.com,03/14/1986,155000,
646,7204 KERSTEN ST,CITRUS HEIGHTS,95621,CA,henry@gmail.com,03/14/1986,155800,
647,3150 ROSEMONT DR,SACRAMENTO,95826,CA,henry@gmail.com,03/14/1986,156142,
648,8200 STEINBECK WAY,SACRAMENTO,95828,CA,henry@gmail.com,03/14/1986,158000,
649,8198 STEVENSON AVE,SACRAMENTO,95828,CA,steve@outlook.com,03/14/1986,159900,
650,6824 OLIVE TREE WAY,CITRUS HEIGHTS,95610,CA,henry@gmail.com,03/14/1986,160000,
651,3536 SUN MAIDEN WAY,ANTELOPE,95843,CA,henry@gmail.com,03/14/1986,161500,
652,4517 OLYMPIAD WAY,SACRAMENTO,95826,CA,henry@gmail.com,03/14/1986,161600,
653,925 COBDEN CT,GALT,95632,CA,henry@gmail.com,03/14/1986,162000,
654,8225 SCOTTSDALE DR,SACRAMENTO,95828,CA,henry@gmail.com,03/14/1986,165000,
655,8758 LEMAS RD,SACRAMENTO,95828,CA,henry@gmail.com,03/14/1986,165000,
656,6121 ALPINESPRING WAY,ELK GROVE,95758,CA,henry@gmail.com,03/14/1986,167293,
657,5937 YORK GLEN WAY,SACRAMENTO,95842,CA,henry@gmail.com,03/14/1986,168000,
658,6417 SUNNYFIELD WAY,SACRAMENTO,95823,CA,henry@gmail.com,03/14/1986,168000,
659,4008 GREY LIVERY WAY,ANTELOPE,95843,CA,henry@gmail.com,03/14/1986,168750,
660,8920 ROSETTA CIR,SACRAMENTO,95826,CA,henry@gmail.com,03/14/1986,168750,
661,8300 LICHEN DR,CITRUS HEIGHTS,95621,CA,henry@gmail.com,03/14/1986,170000,
662,8884 AMBERJACK WAY,SACRAMENTO,95828,CA,henry@gmail.com,03/14/1986,170250,
663,4480 VALLEY HI DR,SACRAMENTO,95823,CA,henry@gmail.com,03/14/1986,173000,
664,2250 FOREBAY RD,POLLOCK PINES,95726,CA,henry@gmail.com,03/14/1986,175000,
665,3529 FABERGE WAY,SACRAMENTO,95826,CA,henry@gmail.com,03/14/1986,176095,
666,1792 DAWNELLE WAY,SACRAMENTO,95835,CA,henry@gmail.com,03/14/1986,176250,
667,7800 TABARE CT,CITRUS HEIGHTS,95621,CA,henry@gmail.com,03/14/1986,178000,
668,8531 HERMITAGE WAY,SACRAMENTO,95823,CA,henry@gmail.com,03/14/1986,179000,
669,2421 BERRYWOOD DR,RANCHO CORDOVA,95670,CA,henry@gmail.com,03/14/1986,180000,
670,1005 MORENO WAY,SACRAMENTO,95838,CA,henry@gmail.com,03/14/1986,180000,
671,1675 VERNON ST Unit 24,ROSEVILLE,95678,CA,henry@gmail.com,03/14/1986,180000,
672,24 WINDCHIME CT,SACRAMENTO,95823,CA,henry@gmail.com,03/14/1986,181000,
673,540 HARLING CT,RIO LINDA,95673,CA,henry@gmail.com,03/14/1986,182000,
674,1207 CRESCENDO DR,ROSEVILLE,95678,CA,henry@gmail.com,03/14/1986,182587,
675,7577 EDDYLEE WAY,SACRAMENTO,95822,CA,henry@gmail.com,03/14/1986,185074,
676,8369 FOPPIANO WAY,SACRAMENTO,95829,CA,henry@gmail.com,03/14/1986,185833,
677,8817 SAWTELLE WAY,SACRAMENTO,95826,CA,henry@gmail.com,03/14/1986,186785,
678,1910 BONAVISTA WAY,SACRAMENTO,95832,CA,henry@gmail.com,03/14/1986,187000,
679,8 TIDE CT,SACRAMENTO,95833,CA,henry@gmail.com,03/14/1986,188335,
680,8952 ROCKY CREEK CT,ELK GROVE,95758,CA,henry@gmail.com,03/14/1986,190000,
681,435 EXCHANGE ST,SACRAMENTO,95838,CA,henry@gmail.com,03/14/1986,190000,
682,10105 MONTE VALLO CT,SACRAMENTO,95827,CA,henry@gmail.com,03/14/1986,190000,
683,3930 ANNABELLE AVE,ROSEVILLE,95661,CA,henry@gmail.com,03/14/1986,190000,
684,4854 TANGERINE AVE,SACRAMENTO,95823,CA,henry@gmail.com,03/14/1986,191250,
685,2909 SHAWN WAY,RANCHO CORDOVA,95670,CA,henry@gmail.com,03/14/1986,193000,
686,4290 BLACKFORD WAY,SACRAMENTO,95823,CA,henry@gmail.com,03/14/1986,193500,
687,5890 TT TRAK,FORESTHILL,95631,CA,henry@gmail.com,03/14/1986,194818,
688,7015 WOODSIDE DR,SACRAMENTO,95842,CA,henry@gmail.com,03/14/1986,195000,
689,6019 CHESHIRE WAY,CITRUS HEIGHTS,95610,CA,henry@gmail.com,03/14/1986,195000,
690,3330 VILLAGE CT,CAMERON PARK,95682,CA,henry@gmail.com,03/14/1986,195000,
691,2561 VERNA WAY,SACRAMENTO,95821,CA,henry@gmail.com,03/14/1986,195000,
692,3522 22ND AVE,SACRAMENTO,95820,CA,henry@gmail.com,03/14/1986,198000,
693,2880 CANDIDO DR,SACRAMENTO,95833,CA,henry@gmail.com,03/14/1986,199900,
694,6908 PIN OAK CT,FAIR OAKS,95628,CA,henry@gmail.com,03/14/1986,200000,
695,5733 ANGELINA AVE,CARMICHAEL,95608,CA,henry@gmail.com,03/14/1986,201000,
696,7849 BONNY DOWNS WAY,ELK GROVE,95758,CA,henry@gmail.com,03/14/1986,204918,
697,8716 LONGSPUR WAY,ANTELOPE,95843,CA,henry@gmail.com,03/14/1986,205000,
698,6320 EL DORADO ST,EL DORADO,95623,CA,henry@gmail.com,03/14/1986,205000,
699,2328 DOROTHY JUNE WAY,SACRAMENTO,95838,CA,henry@gmail.com,03/14/1986,205878,
700,1986 DANVERS WAY,SACRAMENTO,95832,CA,henry@gmail.com,03/14/1986,207000,
701,7901 GAZELLE TRAIL WAY,ANTELOPE,95843,CA,henry@gmail.com,03/14/1986,207744,
702,6080 BRIDGECROSS DR,SACRAMENTO,95835,CA,henry@gmail.com,03/14/1986,209000,
703,20 GROTH CIR,SACRAMENTO,95834,CA,henry@gmail.com,03/14/1986,210000,
704,1900 DANBROOK DR,SACRAMENTO,95835,CA,corbett@hotmail.com,03/14/1986,210944,
705,140 VENTO CT,ROSEVILLE,95678,CA,corbett@hotmail.com,03/14/1986,212500,
706,8442 KEUSMAN ST,ELK GROVE,95758,CA,henry@gmail.com,03/14/1986,213750,
707,9552 SUNLIGHT LN,ELK GROVE,95758,CA,henry@gmail.com,03/14/1986,215000,
708,2733 YUMA CT,CAMERON PARK,95682,CA,henry@gmail.com,03/14/1986,215000,
709,1407 TIFFANY CIR,ROSEVILLE,95661,CA,henry@gmail.com,03/14/1986,215000,
710,636 CRESTVIEW DR,DIAMOND SPRINGS,95619,CA,henry@gmail.com,03/14/1986,216033,
711,1528 HESKET WAY,SACRAMENTO,95825,CA,henry@gmail.com,03/14/1986,220000,
712,2327 32ND ST,SACRAMENTO,95817,CA,henry@gmail.com,03/14/1986,220000,
713,1833 2ND AVE,SACRAMENTO,95818,CA,henry@gmail.com,03/14/1986,220000,
714,7252 CARRIAGE DR,CITRUS HEIGHTS,95621,CA,henry@gmail.com,03/14/1986,220000,
715,9815 PASO FINO WAY,ELK GROVE,95757,CA,henry@gmail.com,03/14/1986,220000,
716,5532 ENGLE RD,CARMICHAEL,95608,CA,henry@gmail.com,03/14/1986,220702,
717,1139 CLINTON RD,SACRAMENTO,95825,CA,steve@outlook.com,03/14/1986,221250,
718,9176 SAGE GLEN WAY,ELK GROVE,95758,CA,henry@gmail.com,03/14/1986,222000,
719,9967 HATHERTON WAY,ELK GROVE,95757,CA,henry@gmail.com,03/14/1986,222500,
720,9264 BOULDER RIVER WAY,ELK GROVE,95624,CA,henry@gmail.com,03/14/1986,222750,
721,320 GROTH CIR,SACRAMENTO,95834,CA,henry@gmail.com,03/14/1986,225000,
722,137 GUNNISON AVE,SACRAMENTO,95838,CA,henry@gmail.com,03/14/1986,225000,
723,8209 RIVALLO WAY,SACRAMENTO,95829,CA,henry@gmail.com,03/14/1986,228750,
724,8637 PERIWINKLE CIR,ELK GROVE,95624,CA,henry@gmail.com,03/14/1986,229000,
725,3425 MEADOW WAY,ROCKLIN,95677,CA,henry@gmail.com,03/14/1986,230095,
726,107 JARVIS CIR,SACRAMENTO,95834,CA,henry@gmail.com,03/14/1986,232500,
727,2319 THORES ST,RANCHO CORDOVA,95670,CA,henry@gmail.com,03/14/1986,233000,
728,8935 MOUNTAIN HOME CT,ELK GROVE,95624,CA,henry@gmail.com,03/14/1986,233500,
729,2566 SERENATA WAY,SACRAMENTO,95835,CA,henry@gmail.com,03/14/1986,239000,
730,4085 COUNTRY DR,ANTELOPE,95843,CA,henry@gmail.com,03/14/1986,240000,
731,9297 TROUT WAY,ELK GROVE,95624,CA,henry@gmail.com,03/14/1986,240000,
732,7 ARCHIBALD CT,SACRAMENTO,95823,CA,henry@gmail.com,03/14/1986,240971,
733,11130 EEL RIVER CT,RANCHO CORDOVA,95670,CA,henry@gmail.com,03/14/1986,242000,
734,8323 REDBANK WAY,SACRAMENTO,95829,CA,henry@gmail.com,03/14/1986,243450,
735,16 BRONCO CREEK CT,SACRAMENTO,95835,CA,henry@gmail.com,03/14/1986,243500,
736,8316 NORTHAM DR,ANTELOPE,95843,CA,henry@gmail.com,03/14/1986,246544,
737,4240 WINJE DR,ANTELOPE,95843,CA,henry@gmail.com,03/14/1986,246750,
738,3569 SODA WAY,SACRAMENTO,95834,CA,henry@gmail.com,03/14/1986,247000,
739,5118 ROBANDER ST,CARMICHAEL,95608,CA,henry@gmail.com,03/14/1986,247000,
740,5976 KYLENCH CT,CITRUS HEIGHTS,95621,CA,henry@gmail.com,03/14/1986,249000,
741,9247 DELAIR WAY,ELK GROVE,95758,CA,henry@gmail.com,03/14/1986,249000,
742,9054 DESCENDANT DR,ELK GROVE,95758,CA,henry@gmail.com,03/14/1986,250000,
743,3450 WHITNOR CT,SACRAMENTO,95821,CA,henry@gmail.com,03/14/1986,250000,
744,6288 LONETREE BLVD,ROCKLIN,95765,CA,henry@gmail.com,03/14/1986,250000,
745,9355 MATADOR WAY,SACRAMENTO,95826,CA,henry@gmail.com,03/14/1986,252000,
746,8671 SUMMER SUN WAY,ELK GROVE,95624,CA,henry@gmail.com,03/14/1986,255000,
747,1890 GENEVA PL,SACRAMENTO,95825,CA,henry@gmail.com,03/14/1986,255000,
748,1813 AVENIDA MARTINA,ROSEVILLE,95747,CA,henry@gmail.com,03/14/1986,255000,
749,191 BARNHART CIR,SACRAMENTO,95835,CA,henry@gmail.com,03/14/1986,257200,
750,6221 GREEN TOP WAY,ORANGEVALE,95662,CA,henry@gmail.com,03/14/1986,260000,
751,2298 PRIMROSE LN,LINCOLN,95648,CA,henry@gmail.com,03/14/1986,260000,
752,5635 LOS PUEBLOS WAY,SACRAMENTO,95835,CA,henry@gmail.com,03/14/1986,263500,
753,10165 LOFTON WAY,ELK GROVE,95757,CA,henry@gmail.com,03/14/1986,266510,
754,1251 GREEN RAVINE DR,LINCOLN,95648,CA,henry@gmail.com,03/14/1986,267750,
755,6001 SHOO FLY RD,PLACERVILLE,95667,CA,henry@gmail.com,03/14/1986,270000,
756,3040 PARKHAM DR,ROSEVILLE,95747,CA,henry@gmail.com,03/14/1986,271000,
757,2674 TAM O SHANTER DR,EL DORADO HILLS,95762,CA,henry@gmail.com,03/14/1986,272700,
758,6007 MARYBELLE LN,SHINGLE SPRINGS,95682,CA,,03/14/1986,275000,
759,9949 NESTLING CIR,ELK GROVE,95757,CA,henry@gmail.com,03/14/1986,275000,
760,2915 HOLDREGE WAY,SACRAMENTO,95835,CA,henry@gmail.com,03/14/1986,276000,
761,2678 BRIARTON DR,LINCOLN,95648,CA,henry@gmail.com,03/14/1986,276500,
762,294 SPARROW DR,GALT,95632,CA,henry@gmail.com,03/14/1986,278000,
763,2987 DIORITE WAY,SACRAMENTO,95835,CA,henry@gmail.com,03/14/1986,279000,
764,6326 APPIAN WAY,CARMICHAEL,95608,CA,henry@gmail.com,03/14/1986,280000,
765,6905 COBALT WAY,CITRUS HEIGHTS,95621,CA,henry@gmail.com,03/14/1986,280000,
766,8986 HAFLINGER WAY,ELK GROVE,95757,CA,henry@gmail.com,03/14/1986,285000,
767,2916 BABSON DR,ELK GROVE,95758,CA,henry@gmail.com,03/14/1986,288000,
768,10133 NEBBIOLO CT,ELK GROVE,95624,CA,henry@gmail.com,03/14/1986,289000,
769,1103 COMMONS DR,SACRAMENTO,95825,CA,henry@gmail.com,03/14/1986,290000,
770,4636 TEAL BAY CT,ANTELOPE,95843,CA,henry@gmail.com,03/14/1986,290000,
771,1524 YOUNGS AVE,SACRAMENTO,95838,CA,henry@gmail.com,03/14/1986,293996,
772,865 CONRAD CT,PLACERVILLE,95667,CA,henry@gmail.com,03/14/1986,294000,
773,8463 TERRACOTTA CT,ELK GROVE,95624,CA,henry@gmail.com,03/14/1986,294173,
774,5747 KING RD,LOOMIS,95650,CA,henry@gmail.com,03/14/1986,295000,
775,8253 KEEGAN WAY,ELK GROVE,95624,CA,henry@gmail.com,03/14/1986,298000,
776,9204 TROUT WAY,ELK GROVE,95624,CA,henry@gmail.com,03/14/1986,298000,
777,1828 2ND AVE,SACRAMENTO,95818,CA,henry@gmail.com,03/14/1986,299000,
778,1113 COMMONS DR,SACRAMENTO,95825,CA,henry@gmail.com,03/14/1986,300000,
779,2341 BIG STRIKE TRL,COOL,95614,CA,henry@gmail.com,03/14/1986,300000,
780,9452 RED SPRUCE WAY,ELK GROVE,95624,CA,henry@gmail.com,03/14/1986,300000,
781,5776 TERRACE DR,ROCKLIN,95765,CA,henry@gmail.com,03/14/1986,300567,
782,5908 MCLEAN DR,ELK GROVE,95757,CA,henry@gmail.com,03/14/1986,303000,
783,8215 PEREGRINE WAY,CITRUS HEIGHTS,95610,CA,henry@gmail.com,03/14/1986,305000,
784,1104 HILLSDALE LN,LINCOLN,95648,CA,henry@gmail.com,03/14/1986,306000,
785,2949 PANAMA AVE,CARMICHAEL,95608,CA,henry@gmail.com,03/14/1986,310000,
786,1356 HARTLEY WAY,FOLSOM,95630,CA,henry@gmail.com,03/14/1986,310000,
787,633 HANISCH DR,ROSEVILLE,95678,CA,henry@gmail.com,03/14/1986,310000,
788,63 ANGEL ISLAND CIR,SACRAMENTO,95831,CA,henry@gmail.com,03/14/1986,311518,
789,1571 WILD OAK LN,LINCOLN,95648,CA,henry@gmail.com,03/14/1986,312000,
790,5222 COPPER SUNSET WAY,RANCHO CORDOVA,95742,CA,henry@gmail.com,03/14/1986,313000,
791,5601 SPINDRIFT LN,ORANGEVALE,95662,CA,henry@gmail.com,03/14/1986,315000,
792,652 FIFTEEN MILE DR,ROSEVILLE,95678,CA,henry@gmail.com,03/14/1986,315000,
793,7921 DOE TRAIL WAY,ANTELOPE,95843,CA,henry@gmail.com,03/14/1986,315000,
794,4204 LUSK DR,SACRAMENTO,95864,CA,henry@gmail.com,03/14/1986,315000,
795,5321 DELTA DR,ROCKLIN,95765,CA,henry@gmail.com,03/14/1986,315000,
796,5608 ROSEDALE WAY,SACRAMENTO,95822,CA,henry@gmail.com,03/14/1986,320000,
797,3372 BERETANIA WAY,SACRAMENTO,95834,CA,henry@gmail.com,03/14/1986,322000,
798,2422 STEFANIE DR,ROCKLIN,95765,CA,henry@gmail.com,03/14/1986,325000,
799,3232 PARKHAM DR,ROSEVILLE,95747,CA,henry@gmail.com,03/14/1986,325500,
800,448 ELMWOOD CT,ROSEVILLE,95678,CA,henry@gmail.com,03/14/1986,326951,
801,1214 DAWNWOOD DR,GALT,95632,CA,henry@gmail.com,03/14/1986,328370,
802,1440 EMERALD LN,LINCOLN,95648,CA,henry@gmail.com,03/14/1986,330000,
803,3349 CORVINA DR,RANCHO CORDOVA,95670,CA,henry@gmail.com,03/14/1986,330000,
804,10254 JULIANA WAY,SACRAMENTO,95827,CA,henry@gmail.com,03/14/1986,331200,
805,149 OPUS CIR,SACRAMENTO,95834,CA,henry@gmail.com,03/14/1986,332000,
806,580 REGENCY PARK CIR,SACRAMENTO,95835,CA,henry@gmail.com,03/14/1986,334000,
807,5544 CAMAS CT,ORANGEVALE,95662,CA,henry@gmail.com,03/14/1986,335000,
808,5102 ARCHCREST WAY,SACRAMENTO,95835,CA,henry@gmail.com,03/14/1986,341000,
809,5725 BALFOR RD,ROCKLIN,95765,CA,henry@gmail.com,03/14/1986,346375,
810,7697 ROSEHALL DR,ROSEVILLE,95678,CA,henry@gmail.com,03/14/1986,347225,
811,4821 HUTSON WAY,ELK GROVE,95757,CA,henry@gmail.com,03/14/1986,349000,
812,4509 WINJE DR,ANTELOPE,95843,CA,henry@gmail.com,03/14/1986,350000,
813,1965 LAURELHURST LN,LINCOLN,95648,CA,henry@gmail.com,03/14/1986,350000,
814,6709 ROSE BRIDGE DR,ROSEVILLE,95678,CA,henry@gmail.com,03/14/1986,350000,
815,281 SPYGLASS HL,ROSEVILLE,95678,CA,corbett@hotmail.com,03/14/1986,350000,
816,7709 RIVER VILLAGE DR,SACRAMENTO,95831,CA,henry@gmail.com,03/14/1986,351000,
817,4165 BRISBANE CIR,EL DORADO HILLS,95762,CA,henry@gmail.com,03/14/1986,356200,
818,506 BEDFORD CT,ROSEVILLE,95661,CA,henry@gmail.com,03/14/1986,360000,
819,9048 PINTO CANYON WAY,ROSEVILLE,95747,CA,henry@gmail.com,03/14/1986,367463,
820,2274 IVY BRIDGE DR,ROSEVILLE,95747,CA,henry@gmail.com,03/14/1986,375000,
821,14004 WALNUT AVE,WALNUT GROVE,95690,CA,henry@gmail.com,03/14/1986,380000,
822,6905 FRANKFORT CT,ELK GROVE,95758,CA,henry@gmail.com,03/14/1986,380578,
823,3621 WINTUN DR,CARMICHAEL,95608,CA,henry@gmail.com,03/14/1986,386222,
824,201 KIRKLAND CT,LINCOLN,95648,CA,henry@gmail.com,03/14/1986,389000,
825,12075 APPLESBURY CT,RANCHO CORDOVA,95742,CA,henry@gmail.com,03/14/1986,390000,
826,1975 SIDESADDLE WAY,ROSEVILLE,95661,CA,henry@gmail.com,03/14/1986,395500,
827,5420 ALMOND FALLS WAY,RANCHO CORDOVA,95742,CA,henry@gmail.com,03/14/1986,396000,
828,9677 PILLITERI CT,ELK GROVE,95757,CA,henry@gmail.com,03/14/1986,397000,
829,1515 EL CAMINO VERDE DR,LINCOLN,95648,CA,henry@gmail.com,03/14/1986,400000,
830,556 PLATT CIR,EL DORADO HILLS,95762,CA,henry@gmail.com,03/14/1986,400000,
831,1792 DIAMOND WOODS CIR,ROSEVILLE,95747,CA,henry@gmail.com,03/14/1986,412500,
832,1124 PERKINS WAY,SACRAMENTO,95818,CA,henry@gmail.com,03/14/1986,413500,
833,4748 SALEM WAY,CARMICHAEL,95608,CA,henry@gmail.com,03/14/1986,415000,
834,1484 RADCLIFFE WAY,AUBURN,95603,CA,henry@gmail.com,03/14/1986,420454,
835,51 AIKEN WAY,SACRAMENTO,95819,CA,henry@gmail.com,03/14/1986,425000,
836,2818 KNOLLWOOD DR,CAMERON PARK,95682,CA,henry@gmail.com,03/14/1986,425000,
837,1536 STONEY CROSS LN,LINCOLN,95648,CA,henry@gmail.com,03/14/1986,433500,
838,509 CASTILLIAN CT,ROSEVILLE,95747,CA,henry@gmail.com,03/14/1986,438000,
839,700 HUNTER PL,FOLSOM,95630,CA,henry@gmail.com,03/14/1986,441000,
840,1240 FAY CIR,SACRAMENTO,95831,CA,henry@gmail.com,03/14/1986,445000,
841,1113 SANDWICK WAY,FOLSOM,95630,CA,henry@gmail.com,03/14/1986,446000,
842,3108 DELWOOD WAY,SACRAMENTO,95821,CA,henry@gmail.com,03/14/1986,450000,
843,3212 CORNICHE LN,ROSEVILLE,95661,CA,henry@gmail.com,03/14/1986,455000,
844,2159 BECKETT DR,EL DORADO HILLS,95762,CA,henry@gmail.com,03/14/1986,460000,
845,4320 FOUR SEASONS RD,PLACERVILLE,95667,CA,henry@gmail.com,03/14/1986,475000,
846,6401 MARSHALL RD,GARDEN VALLEY,95633,CA,henry@gmail.com,03/14/1986,490000,
847,2089 BECKETT DR,EL DORADO HILLS,95762,CA,henry@gmail.com,03/14/1986,493000,
848,6196 EDGEHILL DR,EL DORADO HILLS,95762,CA,henry@gmail.com,03/14/1986,508000,
849,200 HILLSFORD CT,ROSEVILLE,95747,CA,henry@gmail.com,03/14/1986,511000,
850,8217 PLUMERIA AVE,FAIR OAKS,95628,CA,henry@gmail.com,03/14/1986,525000,
851,4841 VILLAGE GREEN DR,EL DORADO HILLS,95762,CA,henry@gmail.com,03/14/1986,533000,
852,3863 LAS PASAS WAY,SACRAMENTO,95864,CA,henry@gmail.com,03/14/1986,545000,
853,820 DANA CT,AUBURN,95603,CA,henry@gmail.com,03/14/1986,560000,
854,1165 37TH ST,SACRAMENTO,95816,CA,henry@gmail.com,03/14/1986,575000,
855,203 CASCADE FALLS DR,FOLSOM,95630,CA,henry@gmail.com,03/14/1986,575000,
856,9880 IZILDA CT,SACRAMENTO,95829,CA,henry@gmail.com,03/14/1986,598695,
857,1800 AVONDALE DR,ROSEVILLE,95747,CA,henry@gmail.com,03/14/1986,600000,
858,4620 BROMWICH CT,ROCKLIN,95677,CA,henry@gmail.com,03/14/1986,600000,
859,620 KESWICK CT,GRANITE BAY,95746,CA,henry@gmail.com,03/14/1986,600000,
860,4478 GREENBRAE RD,ROCKLIN,95677,CA,henry@gmail.com,03/14/1986,600000,
861,8432 BRIGGS DR,ROSEVILLE,95747,CA,henry@gmail.com,03/14/1986,610000,
862,200 CRADLE MOUNTAIN CT,EL DORADO HILLS,95762,CA,henry@gmail.com,03/14/1986,622500,
863,2065 IMPRESSIONIST WAY,EL DORADO HILLS,95762,CA,henry@gmail.com,03/14/1986,680000,
864,2982 ABERDEEN LN,EL DORADO HILLS,95762,CA,henry@gmail.com,03/14/1986,879000,
865,9401 BARREL RACER CT,WILTON,95693,CA,henry@gmail.com,03/14/1986,884790,
866,3720 VISTA DE MADERA,LINCOLN,95648,CA,henry@gmail.com,03/14/1986,1551,
867,14151 INDIO DR,SLOUGHHOUSE,95683,CA,henry@gmail.com,03/14/1986,2000,
868,7401 TOULON LN,SACRAMENTO,95828,CA,henry@gmail.com,05/30/1990,56950,
869,9127 NEWHALL DR Unit 34,SACRAMENTO,95826,CA,corbett@hotmail.com,05/30/1990,60000,
870,5937 BAMFORD DR,SACRAMENTO,95823,CA,henry@gmail.com,05/30/1990,61000,
871,5672 HILLSDALE BLVD,SACRAMENTO,95842,CA,corbett@hotmail.com,05/30/1990,62000,
872,3920 39TH ST,SACRAMENTO,95820,CA,henry@gmail.com,05/30/1990,68566,
873,701 JESSIE AVE,SACRAMENTO,95838,CA,henry@gmail.com,05/30/1990,70000,
874,83 ARCADE BLVD,SACRAMENTO,95815,CA,henry@gmail.com,05/30/1990,80000,
875,601 REGGINALD WAY,SACRAMENTO,95838,CA,henry@gmail.com,05/30/1990,85500,
876,550 DEL VERDE CIR,SACRAMENTO,95833,CA,corbett@hotmail.com,05/30/1990,92000,
877,4113 DAYSTAR CT,SACRAMENTO,95824,CA,henry@gmail.com,05/30/1990,93600,
878,7374 TISDALE WAY,SACRAMENTO,95822,CA,henry@gmail.com,05/30/1990,95000,
879,3348 RIO LINDA BLVD,SACRAMENTO,95838,CA,henry@gmail.com,05/30/1990,97750,
880,3935 LIMESTONE WAY,SACRAMENTO,95823,CA,henry@gmail.com,05/30/1990,104000,
881,6208 GRATTAN WAY,NORTH HIGHLANDS,95660,CA,henry@gmail.com,05/30/1990,105000,
882,739 E WOODSIDE LN Unit E,SACRAMENTO,95825,CA,corbett@hotmail.com,05/30/1990,107666,
883,4225 46TH AVE,SACRAMENTO,95824,CA,henry@gmail.com,05/30/1990,109000,
884,1434 BELL AVE,SACRAMENTO,95838,CA,henry@gmail.com,05/30/1990,110000,
885,5628 GEORGIA DR,NORTH HIGHLANDS,95660,CA,henry@gmail.com,05/30/1990,110000,
886,7629 BETH ST,SACRAMENTO,95832,CA,henry@gmail.com,05/30/1990,112500,
887,2277 BABETTE WAY,SACRAMENTO,95832,CA,henry@gmail.com,05/30/1990,114800,
888,6561 WEATHERFORD WAY,SACRAMENTO,95823,CA,henry@gmail.com,05/30/1990,116000,
889,3035 ESTEPA DR Unit 5C,CAMERON PARK,95682,CA,corbett@hotmail.com,05/30/1990,119000,
890,5136 CABOT CIR,SACRAMENTO,95820,CA,henry@gmail.com,05/30/1990,121500,
891,7730 ROBINETTE RD,SACRAMENTO,95828,CA,henry@gmail.com,05/30/1990,122000,
892,87 LACAM CIR,SACRAMENTO,95820,CA,henry@gmail.com,05/30/1990,123675,
893,1691 NOGALES ST,SACRAMENTO,95838,CA,henry@gmail.com,05/30/1990,126854,
894,3118 42ND ST,SACRAMENTO,95817,CA,henry@gmail.com,05/30/1990,127059,
895,7517 50TH AVE,SACRAMENTO,95828,CA,henry@gmail.com,05/30/1990,128687,
896,4071 EVALITA WAY,SACRAMENTO,95823,CA,henry@gmail.com,05/30/1990,129500,
897,7928 36TH AVE,SACRAMENTO,95824,CA,henry@gmail.com,05/30/1990,130000,
898,6631 DEMARET DR,SACRAMENTO,95822,CA,henry@gmail.com,05/30/1990,131750,
899,7043 9TH AVE,RIO LINDA,95673,CA,henry@gmail.com,05/30/1990,132000,
900,97 KENNELFORD CIR,SACRAMENTO,95823,CA,henry@gmail.com,05/30/1990,134000,
901,2636 TRONERO WAY,RANCHO CORDOVA,95670,CA,henry@gmail.com,05/30/1990,134000,
902,1530 TOPANGA LN Unit 204,LINCOLN,95648,CA,corbett@hotmail.com,05/30/1990,138000,
903,3604 KODIAK WAY,ANTELOPE,95843,CA,henry@gmail.com,05/30/1990,142000,
904,2149 COTTAGE WAY,SACRAMENTO,95825,CA,henry@gmail.com,05/30/1990,143012,
905,8632 PRAIRIEWOODS DR,SACRAMENTO,95828,CA,henry@gmail.com,05/30/1990,145846,
906,612 STONE BLVD,WEST SACRAMENTO,95691,CA,henry@gmail.com,05/30/1990,147000,
907,4180 12TH AVE,SACRAMENTO,95817,CA,henry@gmail.com,05/30/1990,148750,
908,8025 ARROYO VISTA DR,SACRAMENTO,95823,CA,henry@gmail.com,05/30/1990,150000,
909,5754 WALERGA RD Unit 4,SACRAMENTO,95842,CA,corbett@hotmail.com,05/30/1990,150454,
910,8 LA ROCAS CT,SACRAMENTO,95823,CA,henry@gmail.com,05/30/1990,151087,
911,8636 LONGSPUR WAY,ANTELOPE,95843,CA,henry@gmail.com,05/30/1990,157296,
912,1941 EXPEDITION WAY,SACRAMENTO,95832,CA,henry@gmail.com,05/30/1990,157500,
913,4351 TURNBRIDGE DR,SACRAMENTO,95823,CA,henry@gmail.com,05/30/1990,160000,
914,6513 HOLIDAY WAY,NORTH HIGHLANDS,95660,CA,henry@gmail.com,05/30/1990,160000,
915,8321 MISTLETOE WAY,CITRUS HEIGHTS,95621,CA,henry@gmail.com,05/30/1990,161250,
916,5920 VALLEY GLEN WAY,SACRAMENTO,95823,CA,henry@gmail.com,05/30/1990,164000,
917,2601 SAN FERNANDO WAY,SACRAMENTO,95818,CA,henry@gmail.com,05/30/1990,165000,
918,501 POPLAR AVE,WEST SACRAMENTO,95691,CA,henry@gmail.com,05/30/1990,165000,
919,8008 SAINT HELENA CT,SACRAMENTO,95829,CA,henry@gmail.com,05/30/1990,165750,
920,6517 DONEGAL DR,CITRUS HEIGHTS,95621,CA,henry@gmail.com,05/30/1990,166000,
921,1001 RIO NORTE WAY,SACRAMENTO,95834,CA,henry@gmail.com,05/30/1990,169000,
922,604 P ST,LINCOLN,95648,CA,henry@gmail.com,05/30/1990,170000,
923,10001 WOODCREEK OAKS BLVD Unit 815,ROSEVILLE,95747,CA,corbett@hotmail.com,05/30/1990,170000,
924,7351 GIGI PL,SACRAMENTO,95828,CA,steve@outlook.com,05/30/1990,170000,
925,7740 DIXIE LOU ST,SACRAMENTO,95832,CA,henry@gmail.com,05/30/1990,170000,
926,7342 DAVE ST,SACRAMENTO,95828,CA,henry@gmail.com,05/30/1990,170725,
927,7687 HOWERTON DR,SACRAMENTO,95831,CA,henry@gmail.com,05/30/1990,171750,
928,26 KAMSON CT,SACRAMENTO,95833,CA,henry@gmail.com,05/30/1990,172000,
929,7045 PEEVEY CT,SACRAMENTO,95823,CA,henry@gmail.com,05/30/1990,173056,
930,8916 GABLES MILL PL,ELK GROVE,95758,CA,henry@gmail.com,05/30/1990,174000,
931,1140 EDMONTON DR,SACRAMENTO,95833,CA,henry@gmail.com,05/30/1990,174250,
932,8879 APPLE PEAR CT,ELK GROVE,95624,CA,henry@gmail.com,05/30/1990,176850,
933,9 WIND CT,SACRAMENTO,95823,CA,henry@gmail.com,05/30/1990,179500,
934,8570 SHERATON DR,FAIR OAKS,95628,CA,henry@gmail.com,05/30/1990,185000,
935,1550 TOPANGA LN Unit 207,LINCOLN,95648,CA,corbett@hotmail.com,05/30/1990,188000,
936,1080 RIO NORTE WAY,SACRAMENTO,95834,CA,henry@gmail.com,05/30/1990,188700,
937,5501 VALLETTA WAY,SACRAMENTO,95820,CA,henry@gmail.com,05/30/1990,189000,
938,5624 MEMORY LN,FAIR OAKS,95628,CA,henry@gmail.com,05/30/1990,189000,
939,6622 WILLOWLEAF DR,CITRUS HEIGHTS,95621,CA,henry@gmail.com,05/30/1990,189836,
940,27 MEGAN CT,SACRAMENTO,95838,CA,henry@gmail.com,05/30/1990,190000,
941,6601 WOODMORE OAKS DR,ORANGEVALE,95662,CA,henry@gmail.com,05/30/1990,191250,
942,1973 DANVERS WAY,SACRAMENTO,95832,CA,henry@gmail.com,05/30/1990,191675,
943,8001 ARROYO VISTA DR,SACRAMENTO,95823,CA,henry@gmail.com,05/30/1990,195500,
944,7409 VOYAGER WAY,CITRUS HEIGHTS,95621,CA,henry@gmail.com,05/30/1990,198000,
945,815 CROSSWIND DR,SACRAMENTO,95838,CA,henry@gmail.com,05/30/1990,200000,
946,5509 LAGUNA CREST WAY,ELK GROVE,95758,CA,henry@gmail.com,05/30/1990,200000,
947,8424 MERRY HILL WAY,ELK GROVE,95624,CA,henry@gmail.com,05/30/1990,200000,
948,1525 PENNSYLVANIA AVE,WEST SACRAMENTO,95691,CA,henry@gmail.com,05/30/1990,200100,
949,5954 BRIDGECROSS DR,SACRAMENTO,95835,CA,henry@gmail.com,05/30/1990,201528,
950,8789 SEQUOIA WOOD CT,ELK GROVE,95624,CA,henry@gmail.com,05/30/1990,204750,
951,6600 SILVERTHORNE CIR,SACRAMENTO,95842,CA,henry@gmail.com,05/30/1990,205000,
952,2221 2ND AVE,SACRAMENTO,95818,CA,henry@gmail.com,05/30/1990,205000,
953,3230 SMATHERS WAY,CARMICHAEL,95608,CA,henry@gmail.com,05/30/1990,205900,
954,5209 LAGUNA CREST WAY,ELK GROVE,95758,CA,henry@gmail.com,05/30/1990,207000,
955,416 LEITCH AVE,SACRAMENTO,95815,CA,henry@gmail.com,05/30/1990,207973,
956,2100 BEATTY WAY,ROSEVILLE,95747,CA,henry@gmail.com,05/30/1990,208250,
957,6920 GILLINGHAM WAY,NORTH HIGHLANDS,95660,CA,henry@gmail.com,05/30/1990,208318,
958,82 WILDFLOWER DR,GALT,95632,CA,henry@gmail.com,05/30/1990,209347,
959,8652 BANTON CIR,ELK GROVE,95624,CA,henry@gmail.com,05/30/1990,211500,
960,8428 MISTY PASS WAY,ANTELOPE,95843,CA,henry@gmail.com,05/30/1990,212000,
961,7958 ROSEVIEW WAY,SACRAMENTO,95828,CA,henry@gmail.com,05/30/1990,213000,
962,9020 LUKEN CT,ELK GROVE,95624,CA,henry@gmail.com,05/30/1990,216000,
963,7809 VALLECITOS WAY,SACRAMENTO,95828,CA,henry@gmail.com,05/30/1990,216021,
964,8445 OLD AUBURN RD,CITRUS HEIGHTS,95610,CA,henry@gmail.com,05/30/1990,219000,
965,10085 ATKINS DR,ELK GROVE,95757,CA,henry@gmail.com,05/30/1990,219794,
966,9185 CERROLINDA CIR,ELK GROVE,95758,CA,henry@gmail.com,05/30/1990,220000,
967,9197 CORTINA CIR,ROSEVILLE,95678,CA,corbett@hotmail.com,05/30/1990,220000,
968,5429 HESPER WAY,CARMICHAEL,95608,CA,henry@gmail.com,05/30/1990,220000,
969,1178 WARMWOOD CT,GALT,95632,CA,henry@gmail.com,05/30/1990,220000,
970,4900 ELUDE CT,SACRAMENTO,95842,CA,henry@gmail.com,05/30/1990,223000,
971,3557 SODA WAY,SACRAMENTO,95834,CA,henry@gmail.com,05/30/1990,224000,
972,3528 SAINT GEORGE DR,SACRAMENTO,95821,CA,henry@gmail.com,05/30/1990,224000,
973,7381 WASHBURN WAY,NORTH HIGHLANDS,95660,CA,henry@gmail.com,05/30/1990,224252,
974,2181 WINTERHAVEN CIR,CAMERON PARK,95682,CA,henry@gmail.com,05/30/1990,224500,
975,7540 HICKORY AVE,ORANGEVALE,95662,CA,henry@gmail.com,05/30/1990,225000,
976,5024 CHAMBERLIN CIR,ELK GROVE,95757,CA,henry@gmail.com,05/30/1990,228000,
977,2400 INVERNESS DR,LINCOLN,95648,CA,henry@gmail.com,05/30/1990,229027,
978,5 BISHOPGATE CT,SACRAMENTO,95823,CA,henry@gmail.com,05/30/1990,229500,
979,5601 REXLEIGH DR,SACRAMENTO,95823,CA,henry@gmail.com,05/30/1990,230000,
980,1909 YARNELL WAY,ELK GROVE,95758,CA,henry@gmail.com,05/30/1990,230000,
981,9169 GARLINGTON CT,SACRAMENTO,95829,CA,henry@gmail.com,05/30/1990,232425,
982,6932 RUSKUT WAY,SACRAMENTO,95823,CA,henry@gmail.com,05/30/1990,234000,
983,7933 DAFFODIL WAY,CITRUS HEIGHTS,95610,CA,henry@gmail.com,05/30/1990,235000,
984,8304 RED FOX WAY,ELK GROVE,95758,CA,henry@gmail.com,05/30/1990,235301,
985,3882 YELLOWSTONE LN,EL DORADO HILLS,95762,CA,henry@gmail.com,05/30/1990,235738,
